modele,prix,date_loc,info
,,,
,,,
,,,
,,,
NC,,,
,,,
,,,
,,,
,,,
,,,
,,,
,,,
,,,
,,,
,,,
,,,
prix initial :,,,
,,,
34 900 €,,,
,,,
,,,
,,,
,,,
,,,
prix initial :,,,
,,,
9 950 €,,,
,,,
,,,
,,,
,,,
,,,
,,,
,,,
,,,
,,,
,,,
,,,
,,,
,,,
,,,
,,,
,,,
,,,
prix initial :,,,
,,,
5 000 €,,,
,,,
,,,
,,,
,,,
,,,
,,,
,,,
,,,
,,,
,,,
,,,
,,,
,,,
,,,
,,,
,,,
,,,
,,,
,,,
,,,
,,,
,,,
,,,
prix initial :,,,
,,,
4 900 €,,,
,,,
,,,
,,,
,,,
,,,
prix initial :,,,
,,,
4 900 €,,,
,,,
,,,
,,,
,,,
,,,
prix initial :,,,
,,,
15 900 €,,,
,,,
,,,
,,,
,,,
,,,
prix initial :,,,
,,,
15 899 €,,,
,,,
,,,
,,,
,,,
,,,
prix initial :,,,
,,,
14 999 €,,,
,,,
,,,
,,,
,,,
,,,
prix initial :,,,
,,,
6 700 €,,,
,,,
,,,
,,,
,,,
,,,
prix initial :,,,
,,,
15 250 €,,,
,,,
,,,
,,,
,,,
,,,
prix initial :,,,
,,,
15 999 €,,,
,,,
,,,
,,,
,,,
,,,
prix initial :,,,
,,,
18 999 €,,,
,,,
,,,
,,,
,,,
,,,
prix initial :,,,
,,,
14 999 €,,,
,,,
,,,
,,,
,,,
,,,
prix initial :,,,
,,,
18 499 €,,,
,,,
,,,
,,,
,,,
,,,
prix initial :,,,
,,,
18 500 €,,,
,,,
,,,
,,,
,,,
,,,
prix initial :,,,
,,,
16 900 €,,,
,,,
,,,
,,,
,,,
,,,
,,,
,,,
,,,
,,,
,,,
,,,
prix initial :,,,
,,,
17 499 €,,,
,,,
,,,
,,,
,,,
,,,
prix initial :,,,
,,,
12 500 €,,,
,,,
,,,
,,,
,,,
,,,
,,,
NC,,,
,,,
,,"
                                                         17.11.2023
                                                                                                   
                                                                
                                                                 PAYS-BAS
                            
                                                                  
                        

                            Détail
                        
                                            ","

                        
                        
                            
                                DIESEL
                            
                                                        
                                94 960 Km
                            
                                                        
                                1971
                            
                            
                                MANUELLE
                            
                            
                                9104
                            
                        




                                                
                                                        


                                                         
                            DEVIS ASSURANCE
                                                                                                                


                                                         
                            VENDEZ
                                                                                                            
                        

                        
                    "
BmwX12.0,,,
OpelAstra1.6,,,
KiaCeed1.4EDITION 7prix initial : 13 800,,,
KiaCeed sw1.6SPIRITprix initial : 22 150,,,
Fiat500Hybrid1.0LOUNGE,,,
Audi1002.3,,,
KiaCeed sw1.6SPIRITprix initial : 22 050,,,
HyundaiI301.4N LINE,,,
KiaXceed1.6,,,
KiaXceed1.6prix initial : 20 150,,,
KiaCeed sw1.4GT LINE,,,
FordKuga2.0ST LINE4X2,,,
BmwSerie 5 touring520prix initial : 25 890,,,
Trabant6010.6,,,
KiaXceed1.4,,,
FordKuga2.5TITANIUMprix initial : 26 400,,,
FordKuga1.5TITANIUM4X2prix initial : 16 900,,,
KiaStonic1.2EDITION 7,,,
HyundaiTucson1.6STYLE,,,
Fiat500prix initial : 8 000,,,
Fiat500c0.9,,,
SkodaYeti1.4AMBITION,,,
Land roverDiscovery sportTd42.0PURE,,,
KiaCeed1.4EDITION 7,,,
HyundaiI301.4,, 16.11.2023 ALLEMAGNEDétail,ESSENCE72 767 Km2019MANUELLE18546DEVIS ASSURANCEIMPORTEZ CETTE VOITUREVENDEZ
OpelMeriva,,,
BmwSerie 3 touring320d xdriveBUSINESS,,,
RenaultTrafic,,,
VolkswagenGolf swR2.0PERFORMANCEprix initial : 35 900,,,
JeepWranglerUnlimited2.8prix initial : 45 000,,,
AudiA3 sportback40 tdi2.0S LINEQUATTROprix initial : 24 900,,,
AudiA3 sportback40 tdi2.0SPORTQUATTRO,,,
AudiA4prix initial : 3 800,,,
VolvoV90 cross country2.0PLUSAWDprix initial : 49 900,,,
IvecoDaily353.0,,,
VolkswagenPoloGti1.4,,,
VolkswagenGolf1.8,,,
IvecoDaily3.0,,,
MercedesClasse aA 1801.6prix initial : 12 900,,,
VolkswagenTransporterT52.0prix initial : 18 600,,,
SuzukiS-cross1.4COMFORTprix initial : 27 669,,,
SubaruForester2.0,,,
AudiA6 avant40 tdi2.0SPORTprix initial : 38 500,,,
AustinFx4prix initial : 32 000,,,
CitroenC4 spacetourer1.2SELECTIONprix initial : 14 500,,,
MercedesSprinter316,,,
VolkswagenGolf1.5UNITEDprix initial : 23 900,,,
KiaCeed1.4,,,
RoverMini1.3prix initial : 11 900,,,
MercedesClasse sl450 slprix initial : 42 000,, 29.06.2023 ALLEMAGNEDétail,ESSENCE109 780 Km1980AUTOMATIQUE18609DEVIS ASSURANCEIMPORTEZ CETTE VOITUREVENDEZ
ChevroletChevelleV8 6.5prix initial : 59 000,,,
AudiA4 avant2.0prix initial : 19 900,,,
SuzukiS-cross1.4COMFORTprix initial : 25 490,,,
SmartForfour1.0,,,
BmwSerie 44353.0,,,
OpelCrossland x,,,
CitroenBerlingoprix initial : 8 990,,,
VolkswagenGolf1.4CONFORTLINE,,,
SubaruOutback2.5,,,
AudiQ7V6 3.0QUATTROprix initial : 42 800,,,
Man truckMan tge,,,
HyundaiH12.5,,,
DaciaDuster1.2PRESTIGE4X2,,,
NissanPulsar1.2ACENTAprix initial : 8 299,,,
VolkswagenGolf sw,,,
RenaultTwingo1.2DYNAMIQUE,,,
BmwSerie 3 touring320,,,
VolvoV501.6,,,
FordEcosportprix initial : 9 400,,,
SkodaOctavia combi,,,
KiaPicanto1.1,,,
BmwSerie 33202.0,,,
SuzukiVitara1.0COMFORT,,,
FordEcosport1.5TRENDprix initial : 8 900,,,
VolkswagenGolf1.5HIGHLINE,, 16.11.2023 ALLEMAGNEDétail,ESSENCE130 000 Km2019AUTOMATIQUE18609DEVIS ASSURANCEIMPORTEZ CETTE VOITUREVENDEZ
HondaCivic1.8SPORT,,,
VolkswagenPolo,,,
AudiA4 avant2.0prix initial : 25 000,,,
MercedesCla shooting brakeCla 180prix initial : 27 000,,,
VolkswagenTouran,,,
MercedesClasse glGl 320prix initial : 11 999,,,
Trabant6010.6,,,
AudiA4 cabrioletS4V6 3.0prix initial : 7 350,,,
BmwX530d3.0prix initial : 14 999,,,
VolkswagenTouaregprix initial : 22 450,,,
AudiQ52.0S LINEQUATTROprix initial : 14 400,,,
FiatPunto evo1.4DYNAMIC,,,
OpelAstra1.6SELECTIONprix initial : 1 500,,,
BmwSerie 5,,,
AudiA6 avantRs6,,,
MercedesVito,,,
FiatPandaS,,,
FiatPanda1.1,,,
FiatPanda1.1ACTIVE,,,
FiatPanda1.1ACTIVE,,,
AudiA4 cabrioletS4V6 3.0,,,
MercedesClasse sS 500,,,
OpelAstra sports tourer1.5SPORTprix initial : 24 490,,,
SkodaOctavia1.5STYLE,,,
MercedesClasse aA 250AMG LINE4MATICprix initial : 39 900,, 21.01.2022 ALLEMAGNEDétail,ESSENCE33 000 Km2019AUTOMATIQUE18528DEVIS ASSURANCEIMPORTEZ CETTE VOITUREVENDEZ
OpelGrandland x1.2EDITION,,,
OpelGrandland x1.6ULTIMATEprix initial : 41 990,,,
OpelInsignia grand sport2.0BUSINESS INNOVATIONprix initial : 22 900,,,
OpelAstra1.2EDITION,,,
OpelAstra sports tourer1.5SPORTprix initial : 28 900,,,
OpelAstra sports tourer1.5SPORTprix initial : 32 590,,,
SmartForfour1.0PASSIONprix initial : 13 990,,,
SkodaFabia1.0AMBITION,,,
MazdaMx51.5prix initial : 19 900,,,
AudiA130 tfsi1.0prix initial : 24 490,,,
VolkswagenPolo1.0LIFEprix initial : 22 990,,,
VolkswagenPolo1.0LIFEprix initial : 22 990,,,
NissanQashqai1.3VISIAprix initial : 22 650,,,
SkodaFabia1.0ACTIVE,,,
SmartForfourPASSIONprix initial : 15 990,,,
MercedesClasse bB 180,,,
MercedesClasse aA 1801.3,,,
HyundaiKonaTRENDprix initial : 38 170,,,
AudiA3 sportbackE-tron1.4prix initial : 31 990,,,
VolkswagenTouran2.0prix initial : 22 900,,,
SkodaKodiaq1.5,,,
VolkswagenTouaregV6 3.0prix initial : 8 799,,,
OpelGrandland x1.2GS LINEprix initial : 35 900,,,
FiatTipo1.0,,,
NissanQashqai1.3VISIAprix initial : 29 890,, 11.02.2022 ALLEMAGNEDétail,ESSENCE120 Km2022MANUELLE18528DEVIS ASSURANCEIMPORTEZ CETTE VOITUREVENDEZ
SubaruOutback2.0prix initial : 4 199,,,
BmwSerie 5 touring520prix initial : 38 900,,,
SkodaScala1.0,,,
OpelAstra1.2ELEGANCEprix initial : 29 890,,,
VolkswagenTouran2.0CONFORTLINEprix initial : 10 699,,,
HondaJazzprix initial : 2 800,,,
FordPuma1.0TITANIUM,,,
FordFocus societe1.0COOL & CONNECT,,,
OpelCrossland x1.2ELEGANCEprix initial : 32 700,,,
SkodaKamiq1.0MONTE CARLOprix initial : 27 990,,,
OpelAstra1.2ELEGANCEprix initial : 31 060,,,
MiniCabrioCooper1.5prix initial : 28 900,,,
AudiA4 avant40 tfsi2.0prix initial : 43 490,,,
MercedesCla shooting brakeCla 200,,,
MercedesCla shooting brakeCla 200prix initial : 21 890,,,
OpelAstra1.6GS LINEprix initial : 38 900,,,
MercedesClasse bB 200prix initial : 29 800,,,
SkodaFabia1.0AMBITION,,,
HyundaiKonaTREND,,,
SkodaKamiq1.0AMBITIONprix initial : 25 490,,,
NissanQashqai1.3prix initial : 24 590,,,
NissanX-trail1.6VISIAprix initial : 18 450,,,
NissanX-trail2.0N CONNECTA4X4prix initial : 21 490,,,
VolkswagenTransporterT52.5prix initial : 7 699,,,
HyundaiTucson1.6PREMIUM,, 30.07.2022 ALLEMAGNEDétail,ESSENCE24 900 Km2017MANUELLE18528DEVIS ASSURANCEIMPORTEZ CETTE VOITUREVENDEZ
OpelAstraPhev1.6GS LINEprix initial : 38 900,,,
NissanQashqai1.3TEKNA,,,
MiniCountrymanCooper se1.5ALL4prix initial : 27 900,,,
BmwSerie 4 gran coupe4202.0,,,
BmwSerie 4 gran coupe4202.0prix initial : 20 990,,,
BmwX1Sdrive 20i2.0EDITION AVANTAGEprix initial : 32 490,,,
OpelInsignia sports tourer1.5SPORTprix initial : 35 500,,,
MercedesGle coupe 43 amgV6 3.04MATICprix initial : 65 900,,,
HyundaiI301.0TRENDprix initial : 22 950,,,
HyundaiI30N performance2.0prix initial : 41 450,,,
SkodaScala1.5AMBITION,,,
SkodaOctavia combiRs2.0,,,
SkodaKaroq1.5CLEVER,,,
SkodaSuperb combi2.0STYLEprix initial : 28 990,,,
AudiA4 avant2.0S LINEprix initial : 44 700,,,
HyundaiI301.0TRENDprix initial : 23 850,,,
ToyotaYaris1.5prix initial : 24 990,,,
OpelMokka-eprix initial : 32 900,,,
HyundaiI101.0prix initial : 15 990,,,
NissanMicra1.0N DESIGN,,,
VolkswagenTransporterT62.0HIGHLINE4MOTION,,,
HyundaiI101.0prix initial : 15 990,,,
AudiA1 sportback30 tfsi1.0prix initial : 25 900,,,
NissanQashqai1.6VISIAprix initial : 8 490,,,
BmwSerie 3 gt3202.0SPORTprix initial : 20 500,, 07.10.2022 ALLEMAGNEDétail,DIESEL114 585 Km2014MANUELLE18528DEVIS ASSURANCEIMPORTEZ CETTE VOITUREVENDEZ
FordTransit1.5prix initial : 14 989,,,
AudiA640 tdi2.0,,,
OpelCombo lifeULTIMATEprix initial : 41 990,,,
BmwX540e2.0prix initial : 39 450,,,
BmwSerie 2 active tourer218,,,
HyundaiI301.5prix initial : 25 940,,,
BmwSerie 3 touring320M SPORT,,,
BmwSerie 2 active tourer218EDITION AVANTAGEprix initial : 16 890,,,
BmwSerie 3 touring320SPORT,,,
FordPuma1.0TITANIUM,,,
SkodaKaroq1.5AMBITIONprix initial : 31 990,,,
NissanAriya,,,
HyundaiKona1.6TREND,,,
MiniMiniCooper s2.0,,,
VolkswagenGolf1.9,,,
OpelZafira2.0EDITIONprix initial : 43 900,,,
MazdaCx-32.0SPORT4X4,,,
HyundaiTucson1.6prix initial : 47 290,,,
Fiat5001.2LOUNGE,,,
AudiA5 sportback3.0QUATTROprix initial : 28 490,,,
AudiQ235 tfsi1.5prix initial : 34 950,,,
HyundaiI301.0prix initial : 22 950,,,
SkodaSuperb combi2.0SPORTLINE,,,
MercedesClasse c breakC 250AVANTGARDEprix initial : 23 900,,,
NissanMicra1.0TEKNA,, 01.12.2022 ALLEMAGNEDétail,ESSENCE7 000 Km2022AUTOMATIQUE18528DEVIS ASSURANCEIMPORTEZ CETTE VOITUREVENDEZ
MiniMiniCooper1.3sponsorisée,,,
OpelGrandland x1.5prix initial : 29 890,,,
MercedesClasse gleGle 300AMG LINE4MATIC,,,
BmwX3Xdrive 20d2.0XLINE,,,
VolkswagenTiguan1.4SOUND,,,
FordKuga2.0COOL & CONNECT,,,
BmwSerie 5 touring520SPORTprix initial : 22 500,,,
NissanMicra1.0TEKNA,,,
HyundaiI201.0prix initial : 17 950,,,
HyundaiI301.0prix initial : 22 950,,,
FordEcosport1.0ST LINE,,,
OpelCorsa1.2ELEGANCEprix initial : 24 560,,,
SkodaKaroq1.0AMBITIONprix initial : 30 990,,,
BmwSerie 5525LUXURY,,,
NissanMicra1.0SPORT,,,
NissanQashqai1.3N CONNECTA,,,
NissanQashqai1.3N CONNECTA,,,
SkodaScala1.0,,,
SkodaScala1.0ACTIVE,,,
HyundaiI301.0TRENDprix initial : 22 490,,,
HyundaiI30 fastback1.5N LINE,,,
Peugeot2081.2ALLUREprix initial : 25 250,,,
VolvoV902.0R DESIGN,,,
BmwSerie 5 touring530M SPORTprix initial : 39 900,,,
BmwX53.0SPORTprix initial : 46 900,,,
VolkswagenCrafter2.0prix initial : 16 999,,,
MiniMiniCooper1.3sponsorisée,, 17.11.2023 ESPAGNEDétail,ESSENCE26 000 Km1998MANUELLE28003DEVIS ASSURANCEVENDEZ
MercedesClasse s280 sesponsorisée,,,
BmwSerie 5 touring530SPORTprix initial : 39 900,,,
VolkswagenGolf sw2.0HIGHLINE4MOTIONprix initial : 12 999,,,
VolkswagenGolf sw2.0HIGHLINE4MOTION,,,
HyundaiKonaprix initial : 26 490,,,
SkodaFabia1.2prix initial : 5 799,,,
HyundaiI30N performance2.0prix initial : 43 950,,,
HyundaiTucson1.6,,,
HyundaiStaria2.2SIGNATUREprix initial : 51 460,,,
AudiA4 allroad40 tdi2.0prix initial : 47 850,,,
HyundaiI101.0prix initial : 17 260,,,
BmwSerie 2230SPORT,,,
HyundaiIx201.4SEprix initial : 14 990,,,
NissanQashqaiE-power1.5N CONNECTAprix initial : 42 900,,,
AudiA6 avant40 tdi2.0SPORTprix initial : 49 950,,,
ToyotaAygo1.0BUSINESSprix initial : 14 590,,,
AudiA4 avantV6 3.0S LINEQUATTROprix initial : 35 950,,,
AudiQ335 tfsi1.5prix initial : 41 450,,,
HyundaiKonaN2.0prix initial : 41 510,,,
AudiQ750 tdiV6 3.0S LINEprix initial : 79 950,,,
HyundaiIoniq 5prix initial : 61 350,,,
AudiA6 avant3.0prix initial : 22 299,,,
AudiA63.0prix initial : 22 299,,,
AudiQ3 sportback35 tfsi1.5,,,
VolkswagenCrafter2.0prix initial : 16 499,,,
NissanQashqaiE-power1.5N CONNECTA,,,
MercedesClasse s280 sesponsorisée,, 08.11.2023 ALLEMAGNEDétail,ESSENCE94 436 Km1969AUTOMATIQUE-DEVIS ASSURANCEVENDEZ
NissanX-trailE-power1.5N CONNECTA4X4prix initial : 48 390,,,
SkodaKaroq1.0AMBITIONprix initial : 29 540,,,
HyundaiI301.4CLASSICprix initial : 7 999,,,
BmwX530d3.0M SPORTprix initial : 68 000,,,
AudiQ335 tdi2.0QUATTRO,,,
ChevroletAveo1.4LT,,,
AudiQ21.6SPORTprix initial : 21 450,,,
MazdaCx-30Skyactiv g2.0,,,
MiniMiniOne1.5,,,
SkodaOctavia1.0prix initial : 14 890,,,
BmwSerie 2 active tourer220,,,
HyundaiI301.0TREND,,,
OpelCombo1.5prix initial : 16 999,,,
SkodaKaroq1.6STYLEprix initial : 27 490,,,
HyundaiIoniq 5prix initial : 45 990,,,
ToyotaLand cruiser2.8prix initial : 82 460,,,
FordFocus sw1.0COOL & CONNECT,,,
NissanQashqai1.2ACENTA,,,
NissanJuke1.0TEKNA,,,
NissanX-trail2.0SE4X4prix initial : 16 490,,,
BmwX550iprix initial : 54 999,,,
SkodaOctavia scout2.0SCOUTprix initial : 23 990,,,
OpelMokka-eEDITION,,,
OpelGrandland x1.2INNOVATIONprix initial : 18 990,,,
AudiQ3 sportback35 tfsi1.5,, 01.04.2023 ALLEMAGNEDétail,ESSENCE1 076 Km2023AUTOMATIQUE18528DEVIS ASSURANCEIMPORTEZ CETTE VOITUREVENDEZ
CitroenC4 cactus1.2FEELsponsoriséeprix initial : 9 990,,,
HyundaiKona,,,
DaciaDuster1.0,,,
SmartFortwo1.0prix initial : 4 700,,,
VolkswagenCaddy1.5prix initial : 33 750,,,
VolkswagenCaddy utilitaire,,,
RenaultKadjar1.2LIFE,,,
VolkswagenMultivan2.0HIGHLINEprix initial : 67 299,,,
FerrariRomaV8 3.9prix initial : 239 900,,,
FordPuma1.0TITANIUM X,,,
FordPuma1.0TITANIUM Xprix initial : 25 890,,,
HyundaiI301.5prix initial : 33 220,,,
FordPumaSt1.5prix initial : 27 500,,,
LexusGs 430LUXURY,,,
SkodaFabia1.0AMBITIONprix initial : 20 790,,,
SkodaKamiq1.0,,,
FiatTalentoprix initial : 19 999,,,
NissanX-trailN CONNECTA4X2,,,
FordTransit courier1.5,,,
FordFocus sw1.5TITANIUM,,,
FordFocus societeTITANIUM,,,
SkodaScala1.0,,,
NissanTownstarACENTA,,,
VolkswagenGolfGte1.4prix initial : 26 990,,,
Fiat500Hybrid1.0DOLCEVITA,,,
VolkswagenArteonR2.0R LINE4MOTIONprix initial : 40 890,,,
CitroenC4 cactus1.2FEELsponsoriséeprix initial : 9 990,, 02.11.2023 FRANCEDétail,ESSENCE150 500 Km2016MANUELLE44430DEVIS ASSURANCEVENDEZ
HyundaiI30 wagon1.0TRENDprix initial : 22 620,,,
ToyotaCorollaGr2.0GR SPORT,,,
SkodaKodiaq1.5STYLE,,,
OpelAstra1.4INNOVATION,,,
AudiA8V8 3.3QUATTROprix initial : 7 000,,,
HyundaiI101.0,,,
JaguarMark vprix initial : 119 000,,,
AudiA3 sportback35 tdi2.0S LINE,,,
HyundaiTucson1.6prix initial : 42 270,,,
HyundaiTucson1.6TRENDprix initial : 42 940,,,
VolvoXc602.4KINETICAWD,,,
SkodaScala1.0DRIVE,,,
VolkswagenTaigo1.0STYLE,,,
AudiQ540 tdi2.0S LINEQUATTRO,,,
OpelCrossland x1.2EDITION,,,
CupraFormentor1.5,,,
AudiA4 avant40 tfsi2.0,,,
MercedesClasse sS 5004MATICprix initial : 65 000,,,
OpelCorsa1.2EDITION,,,
BmwSerie 5530prix initial : 48 950,,,
VolkswagenTouaregRV6 3.0R LINE4MOTIONprix initial : 62 900,,,
VolkswagenTouran2.0HIGHLINEprix initial : 20 900,,,
MercedesClasse vV 250,,,
HyundaiH12.5prix initial : 2 799,,,
HyundaiI101.0,, 06.06.2023 ALLEMAGNEDétail,ESSENCE2 469 Km2023MANUELLE18528DEVIS ASSURANCEIMPORTEZ CETTE VOITUREVENDEZ
HyundaiTucson1.6prix initial : 42 270,,,
AudiQ7V6 3.0S LINEprix initial : 57 999,,,
AudiA6 avant2.0DESIGN,,,
HyundaiI101.0N LINE,,,
HyundaiIoniq 5prix initial : 53 820,,,
NissanQashqai1.3TEKNA,,,
HyundaiI101.0N LINE,,,
HyundaiIoniq 6,,,
HyundaiIoniq 6prix initial : 58 520,,,
VolkswagenPolo1.0CONFORTLINEprix initial : 15 900,,,
HyundaiIoniq 6BOSEprix initial : 64 070,,,
VolkswagenTransporterT62.0prix initial : 19 990,,,
AudiA6 avant40 tdi2.0prix initial : 40 950,,,
SkodaFabia1.0AMBITIONprix initial : 21 990,,,
SkodaScala1.5,,,
SkodaKodiaq1.5STYLE,,,
SkodaKamiq1.0STYLEprix initial : 29 490,,,
NissanJuke1.6TEKNA,,,
NissanX-trailE-power1.5TEKNA4X4,,,
NissanTownstarACENTA,,,
NissanQashqaiE-power1.5TEKNA,,,
BmwSerie 5530prix initial : 21 500,,,
BmwX1Xdrive 20d2.0prix initial : 14 890,,,
HyundaiKonaTREND,,,
HyundaiKonaprix initial : 38 490,, 14.06.2023 ALLEMAGNEDétail,ELECTRIQUE10 Km2023AUTOMATIQUE18528DEVIS ASSURANCEIMPORTEZ CETTE VOITUREVENDEZ
HyundaiIoniq 6,,,
HyundaiIoniq 5prix initial : 49 850,,,
HyundaiBayon1.0,,,
HyundaiTucson1.6TREND,,,
HyundaiTucson1.6,,,
HyundaiTucson1.6TRENDprix initial : 48 720,,,
HyundaiTucson1.6,,,
HyundaiKonaprix initial : 50 190,,,
HyundaiStaria2.2prix initial : 54 970,,,
HyundaiTucson1.6prix initial : 54 620,,,
HyundaiIoniq 6prix initial : 63 490,,,
OpelAstra1.6,,,
OpelCrossland x1.2ELEGANCEprix initial : 30 900,,,
OpelMokka-eGS LINEprix initial : 30 900,,,
OpelMokka-eELEGANCEprix initial : 37 890,,,
OpelMokka1.2ULTIMATEprix initial : 38 500,,,
OpelAstraPhevELEGANCEprix initial : 36 490,,,
OpelAstra1.6GS LINEprix initial : 38 900,,,
MercedesVitoMarco polo2.0MARCO POLO4MATIC,,,
HyundaiIoniq 6prix initial : 57 490,,,
ToyotaAygo x1.0prix initial : 20 150,,,
NissanQashqaiE-power1.5TEKNA,,,
HyundaiI101.0,,,
HyundaiTucson1.6STYLEprix initial : 18 462,,,
HyundaiKonaprix initial : 38 490,, 16.06.2023 ALLEMAGNEDétail,ELECTRIQUE54 Km2023AUTOMATIQUE18528DEVIS ASSURANCEIMPORTEZ CETTE VOITUREVENDEZ
HyundaiTucson1.6prix initial : 39 490,,,
HyundaiIoniq 5prix initial : 52 950,,,
HyundaiIoniq 6prix initial : 64 220,,,
HyundaiKonaprix initial : 40 790,,,
DaciaSandero stepway1.5PRESTIGE,,,
FordFiesta1.1TRENDprix initial : 9 700,,,
HyundaiIoniq 5prix initial : 52 950,,,
FiatDoblo1.4SXprix initial : 12 995,,,
OpelAstra break1.6GS LINE,,,
SkodaKodiaq2.0STYLE,,,
ToyotaAygo x1.0prix initial : 19 750,,,
OpelCorsa1.2,,,
VolkswagenGolf sw2.0CONFORTLINEprix initial : 20 500,,,
BmwSerie 2 cabriolet220SPORT,,,
ToyotaYaris1.5,,,
MaseratiLevanteSq4V6 3.0prix initial : 61 950,,,
InfinitiQx70V6 3.7SPORT,,,
HyundaiI30 wagon1.0TRENDprix initial : 22 620,,,
BmwSerie 3 touring320EDITION AVANTAGE,,,
MercedesClasse cC 1801.6,,,
AudiA6 avant40 tdi2.0SPORT,,,
AudiA6 avant40 tdi2.0SPORT,,,
NissanQashqai1.6TEKNA,,,
MercedesClasse cC 230ELEGANCEprix initial : 2 799,,,
MercedesClasse e coupeE 230ELEGANCEprix initial : 2 799,, 23.06.2023 ALLEMAGNEDétail,ESSENCE321 369 Km2005MANUELLE18528DEVIS ASSURANCEVENDEZ
HyundaiIx201.4WORLD CUPprix initial : 13 357,,,
HyundaiKonaprix initial : 44 540,,,
HyundaiKonaprix initial : 40 740,,,
VolkswagenGolf1.4HIGHLINEprix initial : 13 750,,,
FiatTipo1.0CROSS,,,
SkodaEnyaqSPORTLINE,,,
AudiQ540 tdi2.0S LINEQUATTRO,,,
VolkswagenTaigo1.0LIFE,,,
NissanQashqaiE-powerBLACK EDITION,,,
VolkswagenCaddy1.0prix initial : 16 495,,,
FiatTipo1.4,,,
OpelMokka1.2EDITION,,,
OpelMovano combi2.3,,,
DaciaSandero stepwayprix initial : 21 350,,,
Mazda6 break2.0SPORT,,,
SeatTarraco2.0XCELLENCE,,,
HyundaiI30 fastback1.4CREATIVE,,,
SkodaKodiaq2.0,,,
SkodaEnyaq,,,
NissanQashqai1.3N CONNECTAprix initial : 39 490,,,
SkodaKamiq1.5STYLE,,,
MiniMiniCooper1.5,,,
HyundaiI302.0,,,
BmwSerie 2 active tourer2181.5EDITION AVANTAGE,,,
BmwSerie 77303.0,, 06.07.2023 ALLEMAGNEDétail,DIESEL152 000 Km2013AUTOMATIQUE18528DEVIS ASSURANCEIMPORTEZ CETTE VOITUREVENDEZ
BmwX33.0,,,
BmwZ4M40iprix initial : 51 899,,,
HyundaiI30N performance2.0prix initial : 29 890,,,
FordEcosport1.0COOLprix initial : 17 900,,,
BmwZ4mSPORTprix initial : 51 899,,,
FordFiesta1.1TREND,,,
HyundaiI30 fastbackN performance2.0N LINEprix initial : 39 550,,,
HyundaiKonaprix initial : 40 690,,,
HyundaiI101.0,,,
HyundaiKona1.6prix initial : 30 940,,,
HyundaiI30 wagon1.0prix initial : 25 950,,,
HyundaiKona1.0TRENDprix initial : 25 490,,,
HyundaiKona1.0TRENDprix initial : 24 950,,,
HyundaiTucson1.6,,,
HyundaiKona1.6prix initial : 31 290,,,
HyundaiKona1.6,,,
SeatLeon2.0prix initial : 14 500,,,
HyundaiTucson1.6prix initial : 44 950,,,
AudiA31.6ATTRACTION,,,
OpelMokka1.2ULTIMATE,,,
SkodaFabia1.0ACTIVE,,,
NissanQashqai1.3,,,
VolkswagenGolf sportsvan1.4,,,
MazdaCx-32.0SPORT,,,
HyundaiKona1.6,, 17.07.2023 ALLEMAGNEDétail,ESSENCE29 987 Km2020AUTOMATIQUE18528DEVIS ASSURANCEIMPORTEZ CETTE VOITUREVENDEZ
HyundaiKona1.6TREND,,,
SkodaKaroq1.6STYLEprix initial : 27 485,,,
SkodaKaroq1.5CLEVERprix initial : 30 985,,,
Porsche911 997Turbo3.6prix initial : 89 990,,,
AudiQ335 tfsi1.5S LINE,,,
AudiQ540 tfsi2.0QUATTRO,,,
BmwX33.0SPORT,,,
MercedesClasse c breakC 200AVANTGARDE,,,
NissanQashqai1.3N CONNECTAprix initial : 29 990,,,
VolkswagenMultivan2.0CONFORTLINEprix initial : 49 490,,,
OpelAstra sports tourer2.0SPORT,,,
SkodaOctavia combi1.2CLASSICprix initial : 7 000,,,
HyundaiKona1.0TRENDprix initial : 26 490,,,
SkodaKaroq2.0AMBITIONprix initial : 37 990,,,
VolkswagenTouaregV6 3.04MOTIONprix initial : 46 900,,,
FordFocus1.5TREND,,,
VolkswagenCaddy1.2prix initial : 15 950,,,
FordFiesta1.1TREND,,,
VolkswagenCaddy1.2prix initial : 14 995,,,
BmwX3Xdrive 20i2.0,,,
BmwX3Xdrive 20i2.0EDITION AVANTAGE,,,
OpelAstra breakELEGANCE,,,
HyundaiKonaN1.6N LINE EXECUTIVEprix initial : 31 290,,,
BmwSerie 4M440i xdrive3.0,,,
KiaCeed sw1.4SPIRIT,, 01.08.2023 ALLEMAGNEDétail,ESSENCE37 482 Km2018MANUELLE18528DEVIS ASSURANCEIMPORTEZ CETTE VOITUREVENDEZ
CupraLeon st2.0,,,
HyundaiIoniq 5prix initial : 56 450,,,
BmwSerie 5 touring520,,,
FordKuga2.0prix initial : 25 990,,,
BmwX530d3.0M SPORT,,,
HyundaiSanta fe1.6SIGNATUREprix initial : 61 990,,,
FordF150Super crewprix initial : 71 950,,,
Fiat500x1.6CITY CROSS4X2prix initial : 13 999,,,
OpelMokka1.4EDITION4X4prix initial : 11 995,,,
OpelAstraULTIMATE,,,
NissanQashqai1.3N CONNECTA,,,
FordTransit connect1.5TRENDprix initial : 18 790,,,
BmwSerie 5 gt535prix initial : 13 999,,,
OpelCorsaEDITION,,,
OpelMokka1.2ULTIMATE,,,
OpelCorsaELEGANCE,,,
MazdaCx-52.2,,,
Fiat500Hybrid1.0STAR,,,
SuzukiSx4 s-cross1.6,,,
FordTransit connect1.5prix initial : 14 995,,,
OpelAstra,,,
HyundaiIoniq 6prix initial : 61 490,,,
FordTransit connect1.5TRENDprix initial : 17 190,,,
HyundaiBayon1.0TREND,,,
VolvoS60r2.0R DESIGN,, 15.08.2023 ALLEMAGNEDétail,ESSENCE28 239 Km2020AUTOMATIQUE18528DEVIS ASSURANCEIMPORTEZ CETTE VOITUREVENDEZ
HyundaiTucson1.6PREMIUM,,,
RenaultKadjar1.3LIMITED,,,
FordFiesta1.5COOL & CONNECTprix initial : 12 750,,,
VolkswagenGolfGti clubsport2.0prix initial : 1 785,,,
KiaCeed2.0SPORTprix initial : 3 950,,,
SkodaKamiq1.5STYLE,,,
FordKuga2.5HYBRIDprix initial : 34 600,,,
FordFiestaSt1.5prix initial : 26 500,,,
MercedesClasse e190 eprix initial : 5 900,,,
VolkswagenGolfGti2.0prix initial : 30 990,,,
SkodaKaroq2.0SPORTLINE,,,
NissanPulsar1.2N TEC,,,
FordB-max1.0SYNC EDITIONprix initial : 14 500,,,
HyundaiI201.2INITIA,,,
HyundaiI201.2CLASSIC,,,
Fiat500c1.0STAR,,,
BmwX3Xdrive 20d2.0EDITION AVANTAGE,,,
FordFocus,,,
CitroenC11.0STYLE,,,
SkodaKaroq1.5STYLE,,,
MiniMiniOne1.5,,,
BmwSerie 3 touring320M SPORT,,,
MercedesClasse sS 63 amg4MATICprix initial : 119 950,,,
SkodaKaroq1.5STYLE,,,
HyundaiKonaN1.6ULTIMATE,, 25.08.2023 ALLEMAGNEDétail,ESSENCE10 Km2024AUTOMATIQUE18528DEVIS ASSURANCEIMPORTEZ CETTE VOITUREVENDEZ
HyundaiKonaN2.0,,,
BmwX11.5XLINE,,,
BmwSerie 4M4403.0,,,
Land roverDiscoverySd6V6 3.0LANDMARK EDITIONAWDprix initial : 59 999,,,
VolkswagenGolf2.0HIGHLINE,,,
JeepWranglerUnlimitedV6 3.6RUBICONprix initial : 45 990,,,
PorschePanamera4 e hybridV6 2.9PLATINUMprix initial : 154 999,,,
MercedesClasse c breakC 200AVANTGARDEprix initial : 24 800,,,
MercedesClasse cC 200AVANTGARDEprix initial : 24 800,,,
HyundaiI30N performance2.0prix initial : 37 990,,,
HyundaiKona1.6,,,
FordGrand tourneo connect1.5TREND,,,
HyundaiI101.0N LINE,,,
HyundaiKona1.6ECOprix initial : 41 640,,,
NissanQashqai1.2N CONNECTA,,,
AudiTt2.0QUATTROprix initial : 26 590,,,
HyundaiI301.0TREND,,,
BmwX550iM PERFORMANCEprix initial : 69 950,,,
MitsubishiSpace star1.2,,,
AudiA6 avant2.0prix initial : 25 000,,,
ToyotaYaris cross1.5,,,
HyundaiTucson1.6INTRO EDITION,,,
HyundaiTucson1.7TREND,,,
OpelAstra sports tourer1.4SPORT,,,
VolkswagenTouaregRV6 3.0R LINE4MOTIONprix initial : 63 795,, 08.09.2023 ALLEMAGNEDétail,DIESEL60 700 Km2019AUTOMATIQUE18528DEVIS ASSURANCEIMPORTEZ CETTE VOITUREVENDEZ
BmwX1Sdrive 20i2.0XLINE,,,
Mazda3Skyactiv g1.5,,,
SkodaFabia1.0STYLE,,,
KiaCeed sw1.6EDITION 7,,,
VolkswagenT-cross1.0CROSS,,,
HyundaiTucson1.6TRENDprix initial : 40 700,,,
FiatDucato2.2,,,
VolkswagenTiguan1.4SOUND,,,
VolkswagenGolf1.4LIFE,,,
RenaultKangoo1.5,,,
FiatDobloCargo1.6SX,,,
OpelAstraPhev1.6,,,
HyundaiSanta fe1.6prix initial : 47 990,,,
HyundaiI301.5TRENDprix initial : 30 650,,,
SkodaOctaviaRs2.0,,,
VolkswagenUp!1.0BASE,,,
SkodaScala1.0STYLE,,,
HyundaiKona1.0STYLE,,,
VolkswagenCc2.0,,,
VolkswagenUp!1.0MOVE UP!,,,
MercedesClasse e breakE 200AVANTGARDE,,,
AudiA4 cabrioletV6 3.0prix initial : 7 350,,,
AudiA4 cabrioletV6 3.0prix initial : 7 350,,,
HyundaiIoniq 6prix initial : 61 190,,,
HyundaiSanta fe1.6prix initial : 48 490,, 16.09.2023 ALLEMAGNEDétail,HYBRIDE14 840 Km2022AUTOMATIQUE18528DEVIS ASSURANCEIMPORTEZ CETTE VOITUREVENDEZ
HyundaiKonaTREND,,,
JaguarF-typeP3002.0R-DYNAMIC BLACKRWDprix initial : 53 950,,,
OpelAstra1.7EDITION PLUS,,,
AudiA6 avant40 tdi2.0SPORT,,,
AudiA6 avant45 tdi3.0SPORTQUATTRO,,,
AudiA6 avant45 tdi3.0SPORTQUATTROprix initial : 60 890,,,
AudiA6 avant45 tdi3.0SPORTQUATTRO,,,
AudiA6 avant45 tdi3.0SPORTQUATTROprix initial : 60 890,,,
HyundaiTucson1.6prix initial : 39 820,,,
HyundaiI301.0,,,
HyundaiI201.0prix initial : 20 320,,,
HyundaiIoniq 5prix initial : 51 120,,,
HyundaiKona1.6TRENDprix initial : 37 200,,,
NissanQashqai1.7,,,
SeatAltea xl1.4,,,
VolkswagenUp!1.0MOVE UP!,,,
MercedesGle coupe 53 amgprix initial : 97 950,,,
RenaultKangoo1.5prix initial : 15 400,,,
PorscheCayenne coupeGtsprix initial : 148 950,,,
VolkswagenUp!1.0MOVE UP!,,,
HyundaiKona1.0PREMIUM,,,
BmwSerie 3 touring3.0,,,
OpelCorsaEDITION,,,
HyundaiI30N performance2.0prix initial : 41 990,,,
HyundaiI30N performance2.0prix initial : 39 990,, 21.09.2023 ALLEMAGNEDétail,ESSENCE10 Km2024AUTOMATIQUE18528DEVIS ASSURANCEIMPORTEZ CETTE VOITUREVENDEZ
BmwSerie 5 touring540,,,
FordKa+COOL & CONNECTprix initial : 12 500,,,
MercedesClasse gG 350prix initial : 119 950,,,
MercedesClasse aA 2004MATICprix initial : 18 999,,,
SmartFortwo1.0PASSIONprix initial : 12 450,,,
VolvoV602.0MOMENTUMprix initial : 28 400,,,
VolkswagenMultivan2.0HIGHLINEprix initial : 62 000,,,
RenaultKadjar1.3ZEN,,,
OpelAstra sports tourer1.5SPORT,,,
OpelCombo life1.5EDITION,,,
HondaCivic1.8prix initial : 7 500,,,
VolkswagenVentoVr6,,,
MercedesClasse glcGlc 43 amg3.04MATICprix initial : 63 500,,,
MercedesClasse cC 200,,,
SkodaOctavia scout2.0SCOUT,,,
SkodaKamiq1.0CLEVER,,,
VolkswagenT-roc1.5STYLE,,,
BmwX640d3.0SPORT,,,
Fiat500x1.4S4X2,,,
Fiat5001.2LOUNGE,,,
VolkswagenGolf1.5LIFE,,,
AudiA4 avant40 tdi2.0S LINE,,,
HyundaiIx201.4CLASSIC,,,
OpelCrossland x1.2GS LINE,,,
CitroenC11.2SHINEprix initial : 6 750,, 01.10.2023 ALLEMAGNEDétail,ESSENCE86 000 Km2014MANUELLE18528DEVIS ASSURANCEVENDEZ
AudiQ230 tfsi1.0,,,
ToyotaProace2.0CONFORTprix initial : 40 990,,,
MitsubishiEclipse cross2.4,,,
VolkswagenGolf sportsvan1.2ALLSTAR,,,
VolkswagenCrosstouran2.0,,,
BmwX4Xdrive 20dXLINE,,,
MitsubishiEclipse cross,,,
SkodaOctavia combi2.0prix initial : 10 999,,,
HyundaiI30 wagon1.6TREND,,,
HyundaiI201.0prix initial : 24 525,,,
HyundaiI30 wagon1.0prix initial : 34 290,,,
HyundaiI101.0N LINEprix initial : 23 730,,,
HyundaiKona,,,
FordFiesta1.0TREND,,,
OpelMeriva1.4EDITION,,,
OpelMokka-eGS LINE,,,
OpelCorsaGS LINE,,,
MaseratiLevanteSq4V6 3.0,,,
FordFiestaSt1.0ST LINE,,,
BmwSerie 5530M SPORT,,,
AudiQ335 tdi2.0S LINE,,,
HyundaiI201.2TREND,,,
HyundaiTucson1.6TRENDprix initial : 40 700,,,
HyundaiKona1.6,,,
HyundaiKona,, 06.10.2023 ALLEMAGNEDétail,ELECTRIQUE1 931 Km2023AUTOMATIQUE18528DEVIS ASSURANCEIMPORTEZ CETTE VOITUREVENDEZ
FordKuga1.5ST LINE,,,
NissanQashqai1.6N CONNECTA,,,
BmwSerie 5530SPORT,,,
BmwSerie 3 touring320SPORT,,,
VolkswagenGolf sportsvan1.5HIGHLINE,,,
MercedesClasse sl560 slprix initial : 43 950,,,
HyundaiI40 wagon2.0TREND,,,
HyundaiI101.0TRENDprix initial : 18 700,,,
HyundaiI201.6prix initial : 29 490,,,
HyundaiKonaN1.6ULTIMATE,,,
HyundaiKonaN1.6ULTIMATE,,,
HyundaiI30N performance2.0prix initial : 38 700,,,
HyundaiI301.5,,,
HyundaiTucson1.6TREND,,,
OpelAdam1.2JAM,,,
PorscheMacanGtsV6 2.9prix initial : 117 999,,,
BmwX5M PERFORMANCEprix initial : 69 950,,,
MercedesAmg gt roadsterRV8 4.0,,,
VolkswagenTiguan1.4,,,
BmwSerie 5 touring535prix initial : 13 499,,,
MercedesClasse cC 43 amgprix initial : 43 950,,,
HyundaiTucson1.6CREATIVEprix initial : 20 448,,,
Fiat500l1.4LOUNGEprix initial : 10 000,,,
Fiat500lprix initial : 10 000,,,
SkodaFabia1.0ACTIVE,, 09.10.2023 ALLEMAGNEDétail,ESSENCE60 742 Km2020MANUELLE18528DEVIS ASSURANCEIMPORTEZ CETTE VOITUREVENDEZ
NissanJuke1.6VISIA,,,
BmwX12.0EDITION AVANTAGE,,,
BmwX11.5M SPORT,,,
VolkswagenTouaregV6 3.0prix initial : 18 500,,,
HyundaiI101.2,,,
HyundaiI201.0N LINEprix initial : 24 950,,,
HyundaiIoniq 5prix initial : 46 950,,,
HyundaiTucson1.6prix initial : 20 990,,,
HyundaiKona1.0TRENDprix initial : 25 900,,,
HyundaiSanta fe2.2SIGNATUREprix initial : 51 950,,,
HyundaiTucson1.6TREND,,,
HyundaiTucson1.6TRENDprix initial : 36 820,,,
Mazda323prix initial : 3 500,,,
KiaCeed sw1.4MOTION,,,
BmwX11.5SPORT,,,
HyundaiI101.0TREND,,,
HyundaiKonaN1.6ULTIMATE,,,
HyundaiIoniq 5,,,
HyundaiKonaN1.6ULTIMATE,,,
HyundaiStaria2.2TRENDprix initial : 47 320,,,
OpelCorsa1.2SELECTION,,,
SkodaYeti1.4,,,
BmwSerie 3 touring320,,,
HyundaiIoniq 6,,,
HyundaiI30 wagon1.0prix initial : 30 740,, 13.10.2023 ALLEMAGNEDétail,ESSENCE27 Km2023AUTOMATIQUE18528DEVIS ASSURANCEIMPORTEZ CETTE VOITUREVENDEZ
Peugeot2081.2ACTIVE,,,
SkodaSuperb combi2.0LAURIN & KLEMENT,,,
NissanJuke1.6TEKNA,,,
MercedesClasse mMl 320prix initial : 13 995,,,
VolkswagenTransporterT6,,,
ChevroletNubira1.6prix initial : 3 200,,,
MercedesVito1102.1,,,
VolkswagenTransporterT5,,,
ToyotaProace2.0prix initial : 40 300,,,
VolkswagenSharan2.0ALLSTAR,,,
CitroenC5 aircross1.6SHINE PACK,,,
HyundaiKonaTREND,,,
HyundaiH12.5prix initial : 5 000,,,
ToyotaYaris cross1.5ADVANCE,,,
SkodaOctavia combi2.0STYLE,,,
DaciaSandero1.0prix initial : 6 899,,,
SkodaKodiaq1.5SPORTLINE,,,
SkodaKodiaq1.5SPORTLINEprix initial : 27 990,,,
VolkswagenTransporterT5 california2.04MOTION,,,
MazdaCx-52.0,,,
SkodaOctavia combi2.0,,,
JeepGladiatorOVERLANDprix initial : 74 950,,,
PorschePanamera4 e hybridV6 2.9PLATINUM,,,
MercedesClasse e4MATIC,,,
VolkswagenPolo,, 23.10.2023 ALLEMAGNEDétail,ESSENCE84 943 Km2014MANUELLE18528DEVIS ASSURANCEIMPORTEZ CETTE VOITUREVENDEZ
FordGrand c-max1.0COOL,,,
SmartFortwo1.0PRIME,,,
OpelCorsa1.2,,,
OpelCorsaEDITION,,,
SmartFortwo1.0,,,
VolkswagenPassat1.8prix initial : 3 999,,,
VolkswagenCaddy2.0prix initial : 13 995,,,
MercedesCls shooting brakeCls 350prix initial : 26 790,,,
MercedesClasse clsCls 3504MATICprix initial : 26 790,,,
VolkswagenCaddy2.0CONFORTLINE4MOTION,,,
BmwX540d3.0SPORTprix initial : 38 490,,,
AudiA6 avant3.0S LINEQUATTRO,,,
HyundaiKonaTREND,,,
NissanQashqai1.3,,,
NissanJuke1.0ACENTA,,,
HyundaiI101.15 STAR EDITION,,,
ToyotaCorolla2.0LIMITED EDITION,,,
CitroenBerlingo van,,,
OpelGrandland x1.6ULTIMATE,,,
OpelMokka1.4EDITION4X4prix initial : 11 395,,,
VolkswagenCaddy utilitaire1.2,,,
CitroenBerlingo,,,
NissanJuke1.0,,,
OpelCombo cargo1.5EDITION,,,
OpelCombo cargo1.5EDITION,, 27.10.2023 ALLEMAGNEDétail,DIESEL10 Km2023MANUELLE18528DEVIS ASSURANCEIMPORTEZ CETTE VOITUREVENDEZ
BmwSerie 3 cabriolet316sponsorisée,,,
NissanQashqai1.2360,,,
VolkswagenPolo1.0CONFORTLINE,,,
AudiQ5 sportbackSq5V6 3.0QUATTRO,,,
Mazda21.4,,,
MitsubishiEclipse cross2.4,,,
VolkswagenPolo1.4,,,
BmwSerie 5 touring530prix initial : 8 750,,,
VolkswagenTransporterT51.9prix initial : 10 500,,,
FiatBravo1.4,,,
OpelAstra sports tourer1.4SPORT,,,
MercedesClasse vV 250AVANTGARDE,,,
MercedesClasse glcGlc 43 amg3.04MATICprix initial : 59 990,,,
OpelCorsa1.2EDITION,,,
Saab9-52.0LINEAR,,,
VolkswagenCaddy2.0,,,
OpelMokka1.2ULTIMATE,,,
NissanJuke1.0ACENTA,,,
AudiQ3 sportback35 tdi2.0S LINEQUATTRO,,,
VolvoXc40D42.0INSCRIPTIONAWD,,,
SkodaCitigo1.0COOL EDITION,,,
SkodaOctavia combi1.5,,,
FordF150Super crew,,,
MercedesClasse cC 2001.5,,,
MercedesClasse aA 1801.6,,,
HyundaiTucson1.6CLASSIC,,,
BmwSerie 3 cabriolet316sponsorisée,, 17.11.2023 ALLEMAGNEDétail,ESSENCE98 545 Km1984MANUELLE72766DEVIS ASSURANCEVENDEZ
HyundaiI30 wagon1.0,,,
HyundaiTucson1.7prix initial : 18 990,,,
HyundaiSanta fe2.2PREMIUM,,,
HyundaiKonaprix initial : 35 950,,,
HyundaiBayon1.0,,,
HyundaiBayon1.0prix initial : 26 800,,,
HyundaiI101.0N LINE,,,
HyundaiI101.0N LINE,,,
HyundaiI101.0N LINE,,,
HyundaiTucson1.6prix initial : 45 440,,,
HyundaiKona,,,
FordFocus societe2.0BUSINESS,,,
SkodaOctavia combi2.0AMBITION,,,
VolkswagenCaddy1.2,,,
VolkswagenT-roc1.5STYLE,,,
ChevroletC10,,,
AudiQ5Sq5V6 3.0QUATTRO,,,
AudiA4 avant2.0DESIGN,,,
HyundaiI101.0N LINE,,,
HyundaiTucson1.6TREND,,,
HyundaiTucson1.6STYLE,,,
SkodaOctavia2.0,,,
VolkswagenCaddy utilitaire1.9prix initial : 7 399,,,
SkodaOctavia combiRs2.0,,,
RenaultKadjar1.3INTENS,, 06.11.2023 ALLEMAGNEDétail,ESSENCE25 809 Km2021MANUELLE18528DEVIS ASSURANCEIMPORTEZ CETTE VOITUREVENDEZ
OpelAstra sports tourer1.4SPORT,,,
NissanQashqai1.3,,,
VolkswagenTransporterT5,,,
BmwSerie 3 touring320,,,
AudiQ5Sq5V6 3.0QUATTRO,,,
HyundaiI30 wagon1.0TRENDprix initial : 31 720,,,
MiniMiniCooper dprix initial : 8 500,,,
Peugeot308 societeGT,,,
VolkswagenT-rocR1.5R LINE,,,
SkodaCitigo1.0COOL EDITION,,,
FordF100,,,
NissanX-trail2.0N CONNECTA4X4,,,
NissanNavara,,,
NissanQashqai1.6N CONNECTA,,,
LamborghiniUrus,,,
OpelCrossland x1.2INNOVATION,,,
NissanLeafVISIA,,,
VolkswagenGolf1.6CONFORTLINE,,,
MercedesClasse gleGle 350AMG LINE4MATIC,,,
HyundaiTucson1.6TREND,,,
OpelGrandland x1.2INNOVATION,,,
OpelCorsa1.2GS LINE,,,
NissanQashqai1.2VISIA,,,
NissanLeafVISIAprix initial : 10 990,,,
VolkswagenGolf1.6,, 10.11.2023 ALLEMAGNEDétail,ESSENCE139 300 Km2003MANUELLE18528DEVIS ASSURANCEVENDEZ
FordFiesta1.1COOL,,,
SkodaKamiq1.5MONTE CARLO,,,
BmwX1Sdrive 20i2.0XLINE,,,
BmwSerie 2 active tourer2181.5,,,
HyundaiBayon1.0prix initial : 26 800,,,
FordFocus1.0TREND,,,
ToyotaAygo1.0COOL,,,
VolkswagenCaddy maxi2.0,,,
MercedesClasse vV 250EDITION 1,,,
NissanQashqai1.2TEKNA,,,
NissanQashqai1.3ACENTA,,,
VolkswagenGolf sw2.0HIGHLINE,,,
RenaultMegane cc1.6prix initial : 2 900,,,
FordFiesta,,,
MitsubishiEclipse crossprix initial : 29 500,,,
Mercedes190,,,
VolkswagenPolo1.2,,,
SkodaKaroq1.5STYLE,,,
VolkswagenGolf1.4HIGHLINE,,,
VolkswagenGolf sw1.6CONFORTLINE,,,
NissanJuke1.6VISIA,,,
NissanPulsar1.6N CONNECTA,,,
VolkswagenGolf1.6CONFORTLINE,,,
MercedesClasse cC 220ELEGANCE,,,
AudiQ5 sportbackSq5V6 3.0QUATTRO,, 14.11.2023 ALLEMAGNEDétail,DIESEL10 Km2024AUTOMATIQUE18528DEVIS ASSURANCEIMPORTEZ CETTE VOITUREVENDEZ
ToyotaLand cruiser2.8,,,
HyundaiI30 wagon1.0TREND,,,
HyundaiI30 wagon1.5,,,
HyundaiTucson1.6,,,
HyundaiKona,,,
BmwSerie 3 touring,,,
Peugeot206 cc,,,
ToyotaC-hr1.8,,,
NissanPulsar1.2ACENTA,,,
NissanQashqai1.3ACENTA,,,
Saab9-52.0,,,
VolkswagenCaddy1.9,,,
HyundaiTucson1.6TREND,,,
HyundaiTucson1.6,,,
HyundaiIoniq 5,,,
MercedesCla shooting brakeCla 220,,,
FordFiesta1.25TREND,,,
VolkswagenGolf swAlltrack2.04MOTION,,,
VolkswagenPassat variant2.04MOTION,,,
AudiA6 allroadV6 3.0,,,
HyundaiI301.6,,,
HyundaiKona1.0TREND,,,
FordFocus societe2.0BUSINESS,,,
VolkswagenGolf sportsvan1.0TRENDLINE,,,
MercedesClasse glcGlc 250LUXURY4MATIC,, 18.11.2023 ALLEMAGNEDétail,ESSENCE56 980 Km2018AUTOMATIQUE18528DEVIS ASSURANCEIMPORTEZ CETTE VOITUREVENDEZ
VolkswagenGolfGti2.0,,,
KiaRio,,,
VolkswagenGolf sw1.4,,,
VolkswagenGolf1.4,,,
BmwSerie 7750d xdrive,,,
PontiacFirebirdV8 6.6,,,
CorvetteC3Pace carV8 5.7,,,
VolkswagenPoloUNITED,,,
Mazda5prix initial : 3 500,,,
DaciaDuster1.64X4,,,
VolkswagenNew beetle1.8SPORT,,,
MazdaCx-52.2SPORT,,,
BmwSerie 3 touring320,,,
VolkswagenBora2.0prix initial : 980,,,
DaihatsuCuore1.0,,,
VolkswagenGolf2.0prix initial : 29 000,,,
VolkswagenTransporterT41.9,,,
VolkswagenTransporterT42.5prix initial : 17 000,,,
VolkswagenTransporterT4prix initial : 16 500,,,
VolkswagenGolfR2.04MOTIONprix initial : 27 000,,,
HondaJazz1.3prix initial : 1 450,,,
VolkswagenTransporterT52.0prix initial : 14 999,,,
VolkswagenLupoprix initial : 1 750,,,
AudiA4 avant1.8AMBIENTE,,,
HondaJazz,, 18.11.2023 ALLEMAGNEDétail,ESSENCE278 400 Km2002MANUELLE18581DEVIS ASSURANCEVENDEZ
MercedesClasse c breakC 220,,,
MercedesClasse cC 220,,,
MiniCabrioJohn cooper works2.0,,,
AudiA41.6,,,
CitroenJumpyprix initial : 11 800,,,
AudiA6S6V10 5.2prix initial : 11 700,,,
AudiA41.6,,,
SeatIbiza1.4FRESH,,,
SkodaOctavia,,,
SkodaOctavia combi,,,
BmwSerie 11182.0,,,
HyundaiIoniq 5,,,
Peugeot307 cc2.0,,,
FordPumaSt1.0ST LINE X,,,
AudiA4prix initial : 11 250,,,
MercedesClasse glGl 320prix initial : 12 500,,,
CorvetteC3prix initial : 20 000,,,
AudiA4 avant1.8AMBIENTE,,,
BmwSerie 3 touringM340i xdrive,,,
ToyotaYaris,,,
AudiQ5Sq5V6 3.0QUATTRO,,,
AudiQ32.0,,,
AudiQ335 tfsi1.5S LINE,,,
FordRangerWildtrakWILDTRAK4X4,,,
FordKuga1.5ST LINE,, 14.11.2023 ALLEMAGNEDétail,ESSENCE42 951 Km2018AUTOMATIQUE17459DEVIS ASSURANCEIMPORTEZ CETTE VOITUREVENDEZ
BmwSerie 3M32.0sponsorisée,,,
Mazda51.8,,,
NissanMicra1.2CONFORT,,,
Peugeot50081.6ALLUREprix initial : 22 990,,,
Lada1200,,,
SkodaOctavia combiRs2.0,,,
JeepWranglerUnlimited2.0RUBICON,,,
Porsche911 991Carrera 43.0,,,
Porsche911 cabriolet 991Carrera 4 gts,,,
VolkswagenTouaregRV6 3.0R LINE4MOTION,,,
VolkswagenTouaregRV6 3.0R LINE4MOTION,,,
VolkswagenCaravelle2.0,,,
MercedesViano,,,
MercedesVito mixto4MATIC,,,
MercedesCla shooting brakeCla 220,,,
MercedesClasse aA 2502.0,,,
VolkswagenTransporterT62.04MOTION,,,
VolkswagenTouaregRV6 3.0BLACK4MOTION,,,
BmwX4Xdrive 20iM SPORT,,,
BmwSerie 4M43.0prix initial : 99 000,,,
Man truckMan tge,,,
MercedesClasse e,,,
ToyotaYarisprix initial : 3 799,,,
RenaultKadjar1.3LIMITED,,,
CitroenC6prix initial : 4 000,,,
VolkswagenPassat variant2.0HIGHLINEprix initial : 17 950,,,
BmwSerie 3M32.0sponsorisée,, 09.11.2023 FRANCEDétail,ESSENCE68 000 Km1995MANUELLE92400DEVIS ASSURANCEVENDEZ
VolkswagenCaddy utilitaire2.0,,,
VolkswagenCaddy maxi2.0,,,
KiaE-niro,,,
KiaCeedGt1.6GTprix initial : 14 650,,,
VolkswagenTransporterT5,,,
BmwSerie 3 cabriolet328prix initial : 12 400,,,
Mazda52.0prix initial : 3 800,,,
HyundaiTucson1.6INTRO EDITION,,,
OpelZafira tourer2.0ON,,,
VolvoV40D22.0INSCRIPTIONprix initial : 10 000,,,
Peugeot2081.2ACTIVE,,,
ToyotaYaris1.0CONFORT,,,
Peugeot308 societe,,,
BmwSerie 4435i xdriveM SPORTprix initial : 39 999,,,
Peugeot308,,,
OpelRekord,,,
SkodaOctavia1.8STYLE4X4prix initial : 19 750,,,
VolkswagenGolfGtd2.0,,,
HondaCivic1.6,,,
SkodaFabia,,,
Peugeot207,,,
Peugeot2071.4URBAN MOVE,,,
BmwSerie 3M3 competition,,,
BmwSerie 3 cabriolet335,,,
MercedesClasse e coupeE 350,, 25.08.2023 ALLEMAGNEDétail,ESSENCE159 000 Km2011AUTOMATIQUE17454DEVIS ASSURANCEIMPORTEZ CETTE VOITUREVENDEZ
BmwSerie 3 touring318prix initial : 6 000,,,
BmwSerie 3320d xdrive2.0LUXURYprix initial : 34 950,,,
BmwSerie 5 touring530d xdriveprix initial : 29 999,,,
OpelVectra,,,
SkodaOctavia scout2.0SCOUT,,,
AudiA6 avant50 tdi3.0QUATTRO,,,
OpelKarl,,,
VolkswagenTransporterT5prix initial : 13 500,,,
VolkswagenCaddy utilitaire2.0BASE,,,
FordS-max2.0TITANIUMprix initial : 12 000,,,
FordS-maxSprix initial : 12 000,,,
VolkswagenPolo1.6,,,
PorscheBoxsterprix initial : 9 228,,,
CupraAteca2.0prix initial : 27 500,,,
DaciaSandero stepwayprix initial : 12 000,,,
MercedesSprinterprix initial : 9 500,,,
OpelCorsa1.2SELECTION,,,
AudiA3 sportback,,,
AudiA3 sportback1.6AMBIENTE,,,
NissanAlmera tino1.8ACENTA,,,
AudiA4prix initial : 7 200,,,
BmwSerie 33182.0,,,
AudiA4 avantprix initial : 2 200,,,
MercedesClasse eE 200,,,
VolkswagenCaddy utilitaire2.0,, 12.11.2023 ALLEMAGNEDétail,DIESEL16 000 Km2022AUTOMATIQUE17429DEVIS ASSURANCEIMPORTEZ CETTE VOITUREVENDEZ
OpelMeriva,,,
Trabant6010.6prix initial : 14 950,,,
MercedesAmg gtV8 4.0prix initial : 105 000,,,
FordS-max2.0TITANIUM Sprix initial : 12 000,,,
MercedesVito1.6,,,
MercedesVito1111.6prix initial : 22 980,,,
ToyotaC-hr1.8LOUNGEprix initial : 18 950,,,
RenaultTwingo,,,
OpelVivaro,,,
MitsubishiSpace star,,,
FordKa,,,
BmwSerie 11161.5EDITION AVANTAGE,,,
PeugeotExpert,,,
FordTransit custom,,,
HondaCivic,,,
ToyotaC-hr,,,
FordTransit custom,,,
MercedesCitan1.5prix initial : 11 980,,,
MercedesClasse c breakC 220prix initial : 19 790,,,
MercedesClasse bB 200,,,
MercedesClasse cC 220,,,
MercedesClasse e cabrioletE 200,,,
MercedesClasse c coupeC 300AMG LINEprix initial : 28 995,,,
MercedesClasse eE 2002.0,,,
MercedesClasse cC 3002.0AMG LINEprix initial : 28 995,, 14.11.2023 ALLEMAGNEDétail,ESSENCE182 000 Km2015AUTOMATIQUE17419DEVIS ASSURANCEIMPORTEZ CETTE VOITUREVENDEZ
AudiA6 avantS6V10 5.0QUATTRO,,,
MercedesClasse slcSlc 200,,,
MercedesClasse eE 4004MATIC,,,
BmwSerie 5 touring530d xdrive,,,
BmwSerie 5530d xdrive,,,
VolvoV70D5KINETIC,,,
MercedesClasse vV 300prix initial : 77 350,,,
LexusGs 300prix initial : 4 950,,,
SeatLeon st1.5ST,,,
ToyotaAvensis1.6TERRA,,,
VolkswagenTransporterT4prix initial : 9 999,,,
VolkswagenPassat2.0prix initial : 7 800,,,
OpelCorsa1.0,,,
VolkswagenPolo1.2TRENDLINE,,,
MiniMiniOne1.6,,,
VolkswagenPassat variantprix initial : 7 500,,,
OpelInsignia2.0OPC LINE,,,
VolkswagenPassat variant2.0CONFORTLINEprix initial : 7 500,,,
VolvoC70,,,
OpelInsignia sports tourer2.0SPORT,,,
OpelInsignia sports tourer2.0OPC LINE,,,
AudiQ5QUATTRO,,,
BmwSerie 3318prix initial : 3 800,,,
HyundaiSanta fe2.2PREMIUM,,,
HyundaiKona1.6PREMIUMprix initial : 22 700,, 02.10.2023 ALLEMAGNEDétail,ESSENCE32 500 Km2020AUTOMATIQUE18574DEVIS ASSURANCEIMPORTEZ CETTE VOITUREVENDEZ
ToyotaYaris,,,
DaciaDokker1.6,,,
FordF250prix initial : 19 499,,,
MercedesClasse e2.0,,,
ToyotaYaris,,,
NissanPathfinderV6 3.0LE4X4,,,
BmwSerie 3 cabriolet320,,,
VolkswagenTransporterT42.5prix initial : 13 850,,,
FordTransit connect,,,
DaciaLogan1.5AMBIANCE,,,
DaciaLogan1.5,,,
OpelAstra1.6,,,
OpelAstra societe1.6,,,
BmwSerie 5 touring520d xdriveSPORT,,,
FordEcosport1.0ST LINEprix initial : 21 400,,,
FordFiesta1.0COOLprix initial : 21 900,,,
OpelInsignia1.5ELEGANCE,,,
OpelCrossland x1.2ELEGANCE,,,
OpelCrossland x1.2ELEGANCE,,,
OpelGrandland x1.2INNOVATIONprix initial : 25 700,,,
OpelGrandland x1.2prix initial : 25 950,,,
FordRangerWildtrakWILDTRAK4X4prix initial : 49 990,,,
MercedesVito2.14MATIC,,,
OpelCombo1.2EDITIONprix initial : 28 200,,,
OpelGrandland x1.2ELEGANCE,, 09.07.2022 ALLEMAGNEDétail,ESSENCE19 700 Km2021MANUELLE17438DEVIS ASSURANCEIMPORTEZ CETTE VOITUREVENDEZ
FordEcosport1.0ST LINE,,,
OpelCorsa1.2EDITION,,,
FordKugaCOOL & CONNECTprix initial : 28 590,,,
OpelMovanoEDITIONprix initial : 37 990,,,
OpelGrandland x1.6ULTIMATE,,,
OpelGrandland x1.2ELEGANCEprix initial : 28 500,,,
OpelCorsa1.2ELEGANCEprix initial : 17 990,,,
OpelCorsa-eULTIMATE,,,
OpelCrossland x1.2ELEGANCEprix initial : 24 900,,,
FordTransit custom2.0TREND,,,
OpelGrandland x1.2ELEGANCEprix initial : 27 900,,,
OpelAstra1.6ELEGANCE,,,
OpelAntara2.0COSMO4X4,,,
DaciaSandero1.0prix initial : 17 500,,,
OpelCorsa1.2EDITION,,,
VolkswagenT-cross1.0CROSSprix initial : 19 500,,,
FordBronco2.3OUTER BANKS,,,
FordFiesta1.1COOL & CONNECT,,,
OpelAstra1.2ELEGANCE,,,
OpelInsigniaELEGANCE,,,
MercedesClasse aA 45 amg s2.04MATIC,,,
MercedesClasse vV 300,,,
OpelGrandland x1.2GS LINE,,,
OpelCrossland x1.2GS LINE,,,
OpelAstra1.3ULTIMATE,, 11.05.2023 ALLEMAGNEDétail,ESSENCE40 350 Km2020AUTOMATIQUE17438DEVIS ASSURANCEIMPORTEZ CETTE VOITUREVENDEZ
MercedesClasse bB 200,,,
FordKuga1.5TITANIUM4X4prix initial : 26 490,,,
FordKuga1.5VIGNALE4X4,,,
FordEdge2.0TITANIUM4X4prix initial : 25 990,,,
OpelCrossland x1.2ULTIMATE,,,
AudiA4 avant2.0AMBITIONprix initial : 10 999,,,
FordFiesta1.0ACTIVEprix initial : 17 600,,,
MercedesClasse c breakC 200,,,
HyundaiI201.0,,,
FordTransit custom2.0TRENDprix initial : 39 990,,,
FordTransit custom2.0TRENDprix initial : 39 450,,,
VolkswagenPassat1.8prix initial : 2 500,,,
OpelMokka1.2EDITION,,,
PeugeotRifter1.5ALLURE,,,
OpelGrandland x1.2,,,
ToyotaAygo1.0CONNECTprix initial : 11 490,,,
Peugeot2081.2ACTIVE,,,
IvecoDaily3.0,,,
FordTourneo custom2.0TITANIUM X,,,
NissanQashqai1.3N CONNECTA,,,
NissanNv250CONFORT,,,
FordMondeo sw2.0HYBRID,,,
FordFocus societe,,,
FordTransit custom2.0TREND,,,
Peugeot1081.0ACTIVE,, 05.09.2023 ALLEMAGNEDétail,ESSENCE18 500 Km2019MANUELLE17438DEVIS ASSURANCEIMPORTEZ CETTE VOITUREVENDEZ
BmwSerie 3 cabriolet320sponsorisée,,,
MiniMiniCooper,,,
FordFocus swSt,,,
FordFocus swSt,,,
FordFocus societe,,,
JeepCommanderV6 3.0prix initial : 12 500,,,
RenaultClio1.2LIMITED,,,
OpelCrossland x1.2ULTIMATEprix initial : 21 990,,,
VolkswagenJettaprix initial : 12 500,,,
OpelAstra1.0EDITIONprix initial : 13 900,,,
MercedesClasse clsCls 400EDITION 14MATIC,,,
FordEcosport1.0COOL,,,
VolkswagenTransporterT4,,,
OpelKadettprix initial : 6 700,,,
Mazda2prix initial : 3 700,,,
NissanLeafN CONNECTA,,,
AudiA5V6 2.7,,,
VolkswagenT-roc1.0,,,
OpelCorsa1.2ELEGANCEprix initial : 15 950,,,
VolkswagenLupo,,,
NissanJuke1.6N CONNECTA,,,
NissanTownstarTEKNA,,,
OpelAstra1.4INNOVATION,,,
OpelInsignia1.6EDITION,,,
VolkswagenGolf2.0prix initial : 1 800,,,
MercedesClasse aA 1801.3AMBIENTE,,,
BmwSerie 3 cabriolet320sponsorisée,, 17.11.2023 ITALIEDétail,ESSENCE129 700 Km1987MANUELLE83012DEVIS ASSURANCEVENDEZ
OpelVectra2.2COSMO,,,
MercedesClasse eE 200,,,
OpelAstra cabrio1.8EDITION,,,
MitsubishiColt,,,
SkodaFabia combi1.2COOL EDITION,,,
KiaCarens2.0,,,
Peugeot30081.2ALLURE,,,
MercedesClasse eE 240prix initial : 6 000,,,
MercedesClasse mMl 250,,,
MercedesClasse cC 180,,,
Nissan370zV6 3.7,,,
NissanX-trail2.0N CONNECTA,,,
NissanX-trail1.6N CONNECTA,,,
OpelCorsa1.2ELEGANCEprix initial : 20 900,,,
MercedesClasse c,,,
FordEcosport1.0ST LINE,,,
OpelGrandland x1.2ELEGANCE,,,
FordFiesta1.0ACTIVE,,,
MercedesClasse aA 1801.3,,,
MercedesCitanprix initial : 9 999,,,
VolkswagenGolf sw2.0CONFORTLINEprix initial : 4 000,,,
VolkswagenGolf sw2.0prix initial : 4 000,,,
KiaCarens2.0,,,
NissanQashqai1.2ACENTA,,,
OpelGrandland xHybrid41.6,, 16.11.2023 ALLEMAGNEDétail,HYBRIDE1 000 Km2023AUTOMATIQUE17438DEVIS ASSURANCEIMPORTEZ CETTE VOITUREVENDEZ
VolkswagenGolf2.0,,,
FordKuga1.5COOL,,,
Mc larenMp4-12cV8 3.8,,,
MercedesClasse a,,,
MercedesClasse a1.3,,,
MercedesClasse b,,,
MercedesClasse a2.04MATIC,,,
AudiA6 avantQUATTRO,,,
VolkswagenGolf,,,
MercedesClasse a1.6,,,
HyundaiVeloster1.6,,,
VolkswagenJetta1.6prix initial : 8 000,,,
HyundaiI30prix initial : 9 950,,,
Land roverFreelanderTd42.2HSEAWDprix initial : 12 000,,,
OpelKarl1.0EDITIONprix initial : 8 600,,,
HyundaiKona1.6PREMIUMprix initial : 22 900,,,
VolkswagenGolf sw1.6CONFORTLINE,,,
VolkswagenGolf swGtdprix initial : 19 900,,,
VolkswagenGolf cabriolet1.6LOUNGE,,,
FordFiesta1.0SYNC EDITIONprix initial : 7 950,,,
OpelVectraprix initial : 1 800,,,
VolkswagenPassat ccV6 3.64MOTIONprix initial : 10 800,,,
AudiA1 sportbackSPORTprix initial : 14 900,,,
AudiA1 sportback1.4SPORTprix initial : 14 900,,,
MitsubishiPajero1.8,, 08.11.2023 ALLEMAGNEDétail,ESSENCE109 759 Km2005MANUELLE17440DEVIS ASSURANCEVENDEZ
BmwSerie 5 touring528prix initial : 2 500,,,
MercedesCitanprix initial : 9 999,,,
VolkswagenTransporterT4,,,
FordF250,,,
MgZrprix initial : 3 450,,,
DaciaLoganprix initial : 6 850,,,
VolkswagenGolf1.4,,,
VolkswagenGolfR2.04MOTIONprix initial : 17 000,,,
VolkswagenGolfR32,,,
VolkswagenTouran2.0prix initial : 6 900,,,
NissanNavara,,,
SkodaFabia combi1.4,,,
HummerH2 sut,,,
SkodaSuperb2.0,,,
Fiat500c0.9STARTprix initial : 10 300,,,
VolkswagenTransporterT52.0prix initial : 29 800,,,
MercedesClasse e breakE 350 eprix initial : 29 999,,,
OpelAstra cabrio2.2,,,
MercedesSprinterprix initial : 14 950,,,
Porsche911 targaprix initial : 52 900,,,
VolkswagenGolf sw1.9TRENDLINEprix initial : 1 399,,,
MitsubishiOutlander2.3,,,
VolkswagenTransporterT52.5prix initial : 12 555,,,
VolkswagenTransporterT52.0prix initial : 28 600,,,
MiniMiniOneprix initial : 13 900,, 27.09.2023 ALLEMAGNEDétail,ESSENCE111 000 Km2014MANUELLE17509DEVIS ASSURANCEIMPORTEZ CETTE VOITUREVENDEZ
MercedesClasse glaGla 250AMG LINE4MATICprix initial : 26 000,,,
FordRanchero,,,
MercedesSprinter3132.1prix initial : 14 950,,,
AudiA6 allroadV6 2.5prix initial : 8 500,,,
FiatPanda1.2,,,
VolkswagenGolf cabrioletprix initial : 1 300,,,
FiatPanda,,,
MercedesCitanprix initial : 9 999,,,
OpelCorsa,,,
SeatAlhambra2.0prix initial : 19 999,,,
MercedesClasse slkSlk 230prix initial : 1 999,,,
VolkswagenCaddy1.9prix initial : 2 550,,,
VolkswagenPolo1.2CONFORTLINE,,,
VolkswagenPolo1.0HIGHLINE,,,
RenaultKadjar1.3LIMITED,,,
SuzukiSamurai,,,
Peugeot206,,,
BmwSerie 3325prix initial : 5 800,,,
SeatAltea1.6REFERENCEprix initial : 5 000,,,
VolvoXc60D52.4MOMENTUMAWDprix initial : 10 000,,,
NissanMicra1.2prix initial : 3 400,,,
AudiA4 cabrioletV6 2.5prix initial : 4 799,,,
SkodaOctavia combiRs,,,
CitroenC5 tourer2.0SELECTIONprix initial : 14 490,,,
MercedesClasse e breakE 300,, 12.10.2023 ALLEMAGNEDétail,DIESEL290 621 Km2011AUTOMATIQUE18445DEVIS ASSURANCEIMPORTEZ CETTE VOITUREVENDEZ
MercedesClasse eE 300,,,
SeatAlhambra2.0STYLEprix initial : 22 500,,,
VolkswagenGolf plus2.0STYLE,,,
HondaJazz,,,
DaciaDuster1.6,,,
VolkswagenTiguan allspace2.0prix initial : 38 850,,,
SeatLeon st1.4ST,,,
FiatPanda1.2,,,
FordFiesta,,,
JeepWranglerUnlimited2.8SPORT,,,
VolkswagenTouran2.0prix initial : 7 000,,,
HyundaiTucson,,,
CitroenC2,,,
HondaCr-v2.0ELEGANCEprix initial : 38 990,,,
HondaCr-v2.0ELEGANCE,,,
HondaJazz crosstar1.5EXECUTIVE,,,
HondaCr-v2.0LIFESTYLE,,,
HondaHr-v1.5ELEGANCE,,,
HondaHr-v1.5ADVANCE,,,
PorscheBoxster2.7,,,
VolkswagenGolf1.2CONFORTLINEprix initial : 10 499,,,
HondaJazzE:hev1.5CONFORT,,,
HyundaiI301.6TRENDprix initial : 14 990,,,
MiniMiniOne1.4,,,
Peugeot2061.4STYLEprix initial : 650,, 09.06.2023 ALLEMAGNEDétail,ESSENCE220 000 Km1998AUTOMATIQUE18435DEVIS ASSURANCEVENDEZ
SmartRoadsterprix initial : 12 999,,,
HondaHr-v1.5ADVANCEprix initial : 34 990,,,
AudiA6V6 3.2prix initial : 3 333,,,
HondaJazzE:hev1.5ADVANCEprix initial : 29 990,,,
HondaCr-v2.0prix initial : 12 750,,,
MercedesClasse eE 220AVANTGARDE,,,
ToyotaAltezza,,,
HyundaiGetzprix initial : 2 299,,,
MercedesClasse cC 220AVANTGARDEprix initial : 25 990,,,
Porsche911 cabriolet,,,
MazdaMx51.6prix initial : 7 000,,,
MazdaMx51.6,,,
BmwSerie 1120d xdrive2.0EDITION AVANTAGE,,,
VolkswagenUp!1.0,,,
ToyotaCorolla verso2.0SOL,,,
VolkswagenPassat variant2.0BUSINESS,,,
VolkswagenPassat1.9prix initial : 5 000,,,
VolkswagenTransporterT4,,,
VolkswagenPassat2.0,,,
VolkswagenTiguan2.0HIGHLINE4MOTION,,,
SeatLeon st1.4FR,,,
FordFocus1.8FUN,,,
OpelGrandland x1.2prix initial : 17 000,,,
HondaCr-v1.5EXECUTIVE,,,
HondaCivic tourer1.8LIFESTYLE,, 06.10.2023 ALLEMAGNEDétail,ESSENCE104 150 Km2015MANUELLE18435DEVIS ASSURANCEIMPORTEZ CETTE VOITUREVENDEZ
OpelAstra cabrio1.8prix initial : 5 500,,,
VolkswagenGolfTgi1.4prix initial : 9 400,,,
VolkswagenGolf sw1.4prix initial : 9 400,,,
BmwSerie 5 touring523prix initial : 4 000,,,
VolvoV702.4prix initial : 5 450,,,
SeatLeon st1.4FR,,,
VolkswagenJetta,,,
VolkswagenCaddy utilitaire2.0,,,
VolkswagenCaddy2.0,,,
HondaCivic1.3prix initial : 10 990,,,
SeatLeon st1.4FR,,,
VolkswagenUp!1.0TAKE UP!,,,
VolkswagenGolf swprix initial : 17 000,,,
AudiA4 avantRs43.0QUATTRO,,,
AudiA7 sportback3.0S LINEQUATTROprix initial : 32 899,,,
VolkswagenEos2.0,,,
SkodaOctavia combiRs2.0,,,
VolkswagenPassat variant2.0BUSINESS,,,
OpelMeriva1.4EDITION,,,
VolkswagenPolo1.2LIFE,,,
AudiA6 avantV6 2.4prix initial : 950,,,
AudiA4 avant2.0S LINE,,,
SkodaCitigo1.0,,,
FordFocus sw1.0BUSINESS,,,
FordFocus societeBUSINESS,, 21.10.2023 ALLEMAGNEDétail,ESSENCE100 000 Km2015MANUELLE18435DEVIS ASSURANCEVENDEZ
BmwSerie 3 cabriolet320sponsorisée,,,
PorscheCayenne,,,
OpelCorsa1.4ENERGY,,,
MitsubishiAsx1.6INTENSE,,,
SeatLeon1.8FR,,,
AudiA4 avant2.0S LINEQUATTROprix initial : 18 990,,,
AudiQ5 sportbackSq5,,,
NissanX-trail1.6TEKNA,,,
Peugeot30081.2ACTIVE,,,
HondaCr-v1.6ELEGANCE,,,
VolkswagenGolf1.2TRENDLINEprix initial : 4 490,,,
MercedesClasse cC 250,,,
OpelAstra sports tourer1.6EDITION,,,
MercedesClasse e coupeE 250,,,
AudiA1S12.0QUATTRO,,,
OpelMeriva1.4DESIGN EDITIONprix initial : 6 990,,,
OpelAstra sports tourer1.6SPORT,,,
KiaCeedprix initial : 6 000,,,
SeatAteca2.0XCELLENCE,,,
RenaultClio grandtour0.9LIMITED,,,
MitsubishiPajeroprix initial : 12 900,,,
OpelInsignia sports tourer1.6INNOVATIONprix initial : 13 000,,,
VolkswagenTouran1.2BUSINESSprix initial : 15 990,,,
AudiA1 sportback1.4S LINEprix initial : 11 990,,,
VolkswagenGolfGti2.0prix initial : 17 250,,,
HyundaiI40 wagon1.7,,,
BmwSerie 3 cabriolet320sponsorisée,, 17.11.2023 ITALIEDétail,ESSENCE129 700 Km1987MANUELLE83012DEVIS ASSURANCEVENDEZ
MercedesClasse c breakC 220AVANTGARDE,,,
DaciaDuster1.6LAUREATE4X2,,,
SkodaFabiaprix initial : 11 500,,,
VolkswagenGolf sw1.4TRENDLINE,,,
Mazda31.5,,,
KiaSportage1.6GT LINE,,,
OpelMokka x1.44X4,,,
VolkswagenTransporterprix initial : 6 999,,,
PorscheCayenneprix initial : 67 000,,,
SkodaFabia combi1.4CLASSIC,,,
VolkswagenGolf sportsvan1.4HIGHLINE,,,
FordFiestaprix initial : 3 500,,,
AudiA7 sportback3.0QUATTRO,,,
SkodaEnyaqprix initial : 39 999,,,
KiaVenga1.6,,,
OpelAstra cabrio,,,
SkodaFabia1.2AMBIENTE,,,
SkodaFabia1.4,,,
VolkswagenGolfGti2.0PERFORMANCEprix initial : 23 990,,,
VolkswagenGolfGti2.0prix initial : 24 990,,,
OpelInsignia sports tourer1.6SPORT,,,
VolkswagenPolo1.2FOX,,,
Alfa romeo4c1.75COUPEprix initial : 64 250,,,
VolkswagenPolo1.2TRENDLINE,,,
OpelInsignia sports tourer1.6DYNAMIC,, 14.11.2023 ALLEMAGNEDétail,DIESEL138 000 Km2019AUTOMATIQUE18435DEVIS ASSURANCEIMPORTEZ CETTE VOITUREVENDEZ
BmwSerie 5 touring523,,,
AudiA4 avant2.0,,,
MercedesClasse aA 2001.6BUSINESS,,,
PorscheCayenneV6 3.0prix initial : 66 200,,,
VolkswagenPoloGti2.0,,,
RenaultZoe,,,
VolkswagenPassat variant2.0HIGHLINE,,,
MazdaCx-52.5,,,
HondaZr-vSPORT,,,
HondaZr-vSPORT,,,
VolkswagenFox1.2FOX,,,
SkodaOctavia combi2.0,,,
HyundaiI101.0,,,
ToyotaYaris,,,
DaciaLogan0.9LAUREATE,,,
VolkswagenTransporterT51.9,,,
VolkswagenGolf plus1.9SOUND,,,
VolkswagenPoloGti2.0BEATS,,,
SkodaOctavia combiRs2.0,,,
DaciaLogan mcv0.9LAUREATE,,,
AudiA6,,,
AudiA4 cabriolet,,,
HyundaiI10,,,
VolkswagenPolo1.4LOUNGE,,,
VolkswagenPolo,, 19.11.2023 ALLEMAGNEDétail,ESSENCE199 000 Km2003MANUELLE18435DEVIS ASSURANCEVENDEZ
VolkswagenGolf1.9SOUND,,,
AudiA6,,,
Volvo760,,,
MercedesClasse e300 eprix initial : 5 999,,,
MercedesClasse eE 350,,,
HondaCr-v1.6ELEGANCE,,,
MercedesClasse slSl 500prix initial : 25 999,,,
OpelCrossland x1.2INNOVATION,,,
MercedesClasse glaGla 2001.3prix initial : 44 990,,,
MercedesClasse c breakC 220,,,
MercedesEqb 300,,,
MercedesCla shooting brakeCla 2202.0,,,
MercedesClasse gleGle 400AMG LINE,,,
MercedesClasse gleGle 400,,,
MercedesClasse eE 200prix initial : 7 899,,,
MercedesClasse cC 220AVANTGARDEprix initial : 36 990,,,
MercedesEqaprix initial : 47 490,,,
MercedesClasse clsCls 400prix initial : 58 490,,,
MercedesClasse c breakC 300 deAMBIENTEprix initial : 35 490,,,
MercedesClasse c breakC 220,,,
VolkswagenCrafter2.0,,,
MercedesAmg gt53 amg4MATICprix initial : 104 990,,,
MercedesAmg gt 4 portesGt 53 amg3.04MATICprix initial : 104 990,,,
VolkswagenPassat variantprix initial : 35 500,,,
VolkswagenGolf sportsvan1.5prix initial : 21 950,, 13.07.2023 ALLEMAGNEDétail,ESSENCE39 849 Km2019AUTOMATIQUE18439DEVIS ASSURANCEIMPORTEZ CETTE VOITUREVENDEZ
AudiA6 avant3.0S LINEprix initial : 27 999,,,
MercedesCitan1.5prix initial : 17 890,,,
MercedesCitanprix initial : 17 890,,,
AudiA6 avant3.0SPORTQUATTROprix initial : 26 500,,,
MercedesGle coupe 400,,,
MercedesClasse eE 63 s amgFINAL EDITIONprix initial : 145 990,,,
MercedesClasse vV 3004MATIC,,,
HyundaiTucson1.6prix initial : 30 990,,,
VolkswagenPassat variant2.0prix initial : 33 000,,,
MercedesClasse cC 220,,,
MercedesGlb 180d,,,
MercedesClasse claCla 220prix initial : 49 880,,,
BmwSerie 11161.5SPORT,,,
AudiA42.0SPORTprix initial : 20 450,,,
HyundaiI301.0TRENDprix initial : 23 490,,,
MercedesClasse glcGlc 220prix initial : 50 490,,,
SkodaFabia1.2CLASSICprix initial : 4 750,,,
MercedesVito1162.0prix initial : 32 200,,,
MercedesClasse gleGle 4004MATICprix initial : 79 990,,,
MercedesGlb,,,
HyundaiI201.0TRENDprix initial : 19 490,,,
HyundaiI301.0TRENDprix initial : 23 490,,,
OpelCorsa1.2ELEGANCE,,,
OpelCorsa1.2SPORT,,,
VolvoV50T52.5,, 11.09.2023 ALLEMAGNEDétail,ESSENCE180 000 Km2007MANUELLE18439DEVIS ASSURANCEVENDEZ
MercedesGlb 250prix initial : 46 490,,,
MercedesVito116prix initial : 26 990,,,
ChevroletSpark1.0LSprix initial : 3 499,,,
MercedesClasse gleGle 400prix initial : 81 490,,,
MercedesEqaAMG LINEprix initial : 56 880,,,
MercedesClasse bB 180BUSINESSprix initial : 31 990,,,
MercedesClasse c breakC 200AMBIENTEprix initial : 36 490,,,
MercedesClasse cC 200BUSINESSprix initial : 39 990,,,
MercedesClasse e breakE 300prix initial : 51 990,,,
MercedesClasse eE 300prix initial : 51 990,,,
MercedesCla shooting brakeCla 200AMBIENTEprix initial : 36 490,,,
MercedesClasse glaGla 200AMBIENTEprix initial : 48 490,,,
MercedesClasse vV 220,,,
MercedesVito1142.0,,,
MercedesClasse vV 300AVANTGARDEprix initial : 86 900,,,
FordB-max1.5SYNC EDITIONprix initial : 8 000,,,
MercedesEqs580AMG LINE,,,
OpelOmega break2.2,,,
MercedesClasse bB 200,,,
VolvoV50T5,,,
MercedesClasse cC 200AVANTGARDE,,,
MercedesClasse claCla 220AMG LINE,,,
OpelAstra2.2,,,
SkodaKaroq2.0SPORTLINE,,,
FordTransitVan2.2prix initial : 7 500,, 27.09.2023 ALLEMAGNEDétail,DIESEL200 000 Km2010MANUELLE18439DEVIS ASSURANCEVENDEZ
BmwSerie 5M5V8 4.4sponsorisée,,,
FordTransit2.2prix initial : 7 500,,,
MercedesClasse e breakE 220,,,
MercedesClasse eE 220,,,
OpelMokka1.6prix initial : 14 500,,,
BmwSerie 11182.0prix initial : 6 899,,,
MercedesEqa,,,
MercedesEqa,,,
BmwSerie 3 cabriolet320,,,
VolkswagenPassat,,,
BmwX5prix initial : 13 500,,,
MercedesClasse c breakC 220,,,
MercedesClasse cC 220,,,
MercedesVito2.1,,,
MercedesVito,,,
AudiA4 avantV6 3.0QUATTRO,,,
MercedesClasse mMl 350prix initial : 30 100,,,
AudiA4 avant2.0S LINEQUATTROprix initial : 16 990,,,
OpelAstra gtc1.4prix initial : 8 200,,,
MercedesClasse tT 180 dSTYLE,,,
Audi80prix initial : 1 700,,,
VolkswagenPassat variant2.0CONFORTLINEprix initial : 8 750,,,
VolkswagenPassat variant2.0prix initial : 8 750,,,
VolkswagenPassat2.0CONFORTLINE,,,
MercedesClasse vV 220,,,
VolkswagenTransporterT5,,,
BmwSerie 5M5V8 4.4sponsorisée,, 18.11.2023 SUÈDEDétail,ESSENCE179 000 Km2012AUTOMATIQUE-DEVIS ASSURANCEVENDEZ
OpelCorsa1.2prix initial : 3 350,,,
VolkswagenGolf sw,,,
AudiA3 sportback2.0AMBIENTE,,,
MercedesClasse e breakE 300 de4MATICprix initial : 41 990,,,
MercedesClasse eE 3004MATICprix initial : 41 990,,,
MercedesVitoprix initial : 21 000,,,
MercedesClasse sS 350V6 3.04MATICprix initial : 89 490,,,
AudiA6V6 2.8QUATTROprix initial : 3 000,,,
VolkswagenSharan2.0TECH,,,
MercedesClasse cC 220AVANTGARDE,,,
RenaultEspace2.0,,,
FiatDoblo1.3,,,
MercedesClasse glaGla 2001.3prix initial : 43 990,,,
MercedesClasse glaGla 180prix initial : 42 990,,,
LadaNiva1.7,,,
NissanMicra1.2,,,
MercedesClk cabrioletClk 200,,,
MercedesClasse mMl 350,,,
MercedesSprinter,,,
MercedesClasse glcGlc 300AMG LINE4MATICprix initial : 39 990,,,
VolkswagenGolf2.0prix initial : 12 999,,,
MercedesClasse e coupe250 cAVANTGARDE,,,
MercedesClasse cC 250AVANTGARDE,,,
MercedesClasse e coupeE 250AVANTGARDE,,,
MercedesVito2.0,, 02.11.2023 ALLEMAGNEDétail,DIESEL58 200 Km2021AUTOMATIQUE18439DEVIS ASSURANCEIMPORTEZ CETTE VOITUREVENDEZ
MazdaRx-7prix initial : 6 500,,,
VolkswagenTransporterT4,,,
MercedesVitoprix initial : 33 900,,,
BmwSerie 5530,,,
AudiA11.2prix initial : 10 990,,,
BmwSerie 4 gran coupe420,,,
VolkswagenTransporterT54MOTION,,,
AudiA3 sportback35 tfsi1.5prix initial : 34 500,,,
CitroenC3 aircross1.2SHINE,,,
CitroenC4 aircross1.6TENDANCEprix initial : 12 999,,,
MercedesVito114,,,
MercedesClasse glaGla 250 e1.3,,,
MercedesClasse gleGle 4004MATIC,,,
VolkswagenGolfprix initial : 1 800,,,
MercedesClasse e,,,
BmwZ4Sdrive 28iprix initial : 25 000,,,
AudiA6 avantV6 2.7,,,
AudiA6V6 2.7,,,
BmwSerie 3 compact325prix initial : 3 500,,,
VolkswagenCombi,,,
VolkswagenTiguan2.0TECHprix initial : 16 890,,,
BmwX1Sdrive 18i2.0,,,
VolkswagenTiguan2.0,,,
AudiA4 avantSPORT,,,
CitroenC3 aircrossSHINE,, 14.11.2023 ALLEMAGNEDétail,ESSENCE77 000 Km2018MANUELLE18439DEVIS ASSURANCEIMPORTEZ CETTE VOITUREVENDEZ
FordFocusRs2.0sponsorisée,,,
MercedesSprinterprix initial : 36 990,,,
Rover752.0,,,
VolkswagenTransporterT42.5S,,,
AudiA3 cabriolet1.4AMBITION,,,
MercedesEqs suv450AMG LINE,,,
MercedesVito1162.0prix initial : 32 990,,,
VolkswagenGolf plus1.6,,,
BmwSerie 3 compact316t,,,
ToyotaRav4,,,
VolkswagenCaddy utilitaire,,,
BmwX3Xdrive 35i,,,
OpelAstra,,,
ToyotaMiraiprix initial : 39 890,,,
CitroenC-elysee1.2SELECTIONprix initial : 7 333,,,
FordFocus sw1.5prix initial : 13 999,,,
LexusUx 300eprix initial : 42 980,,,
AudiA6 avant2.0S LINEprix initial : 40 000,,,
MitsubishiAsx1.6,,,
MercedesClasse eE 63 amgV8 5.5prix initial : 44 990,,,
MercedesClasse e breakE 63 amgprix initial : 44 990,,,
JeepCherokee2.2OVERLANDprix initial : 27 990,,,
MitsubishiEclipse cross,,,
MitsubishiEclipse cross,,,
ToyotaYaris1.5CONFORTprix initial : 16 900,,,
CitroenC-zeroTENDANCEprix initial : 12 495,,,
FordFocusRs2.0sponsorisée,, 15.11.2023 FRANCEDétail,ESSENCE117 000 Km2003MANUELLE83300DEVIS ASSURANCEVENDEZ
CitroenC4 cactus1.2SHINE,,,
MgZs evprix initial : 30 420,,,
CitroenC5 aircrossLIVEprix initial : 27 900,,,
MgZs,,,
CitroenC5 aircrossFEELprix initial : 36 430,,,
MgMarvel r,,,
MgMarvel rLUXURY,,,
CitroenSpacetourerFEEL,,,
CitroenC3 aircross1.2prix initial : 19 890,,,
MazdaMx51.5EXCLUSIVE LINEprix initial : 22 950,,,
CitroenC5x,,,
MazdaMx51.5prix initial : 22 950,,,
CitroenC3 aircross1.2SHINEprix initial : 15 890,,,
CitroenC31.2prix initial : 15 890,,,
ToyotaCorolla1.2prix initial : 22 990,,,
MercedesClasse sS 5004MATICprix initial : 29 900,,,
BmwX540d3.0prix initial : 29 999,,,
CitroenC31.2FEEL,,,
VolkswagenT-roc1.5prix initial : 29 900,,,
VolkswagenPolo1.2ALLSTARprix initial : 9 999,,,
ToyotaRav42.0BUSINESSprix initial : 34 980,,,
MitsubishiEclipse cross2.4prix initial : 40 580,,,
MgMg4prix initial : 31 069,,,
RenaultKangoo express1.5prix initial : 9 999,,,
LexusUx 300eLUXURYprix initial : 44 980,, 01.12.2022 ALLEMAGNEDétail,ELECTRIQUE10 449 Km2021AUTOMATIQUE18437DEVIS ASSURANCEIMPORTEZ CETTE VOITUREVENDEZ
SeatIbiza1.0STYLEprix initial : 17 490,,,
LexusUx 300eLUXURYprix initial : 48 990,,,
LexusUx 300eprix initial : 42 980,,,
VolkswagenTiguan1.5CONFORTLINEprix initial : 36 450,,,
RenaultTrafic1.6prix initial : 22 777,,,
ToyotaBz4xCONFORTprix initial : 60 890,,,
ToyotaCorolla1.8prix initial : 25 890,,,
JeepCompass2.0LIMITED,,,
ToyotaHilux2.7EXECUTIVE,,,
CitroenC52.0prix initial : 26 950,,,
CitroenC5 aircrossSHINEprix initial : 26 950,,,
ToyotaHilux2.7INVINCIBLEprix initial : 59 890,,,
CitroenBerlingo1.6,,,
KiaNiro1.6SPIRITprix initial : 24 990,,,
LexusNx 450h+BUSINESS,,,
ToyotaCorolla1.8TSprix initial : 32 980,,,
LexusRx 450hV6 3.5F SPORTAWDprix initial : 69 690,,,
ToyotaCorolla1.8BUSINESS,,,
ToyotaRav4BUSINESSprix initial : 40 980,,,
CasaliniM20prix initial : 17 990,,,
RenaultClio grandtour0.9BOSE,,,
RenaultCaptur0.9LIFEprix initial : 11 999,,,
JeepRenegade4xe1.3Sprix initial : 37 990,,,
ToyotaLand cruiser2.8EXECUTIVEprix initial : 75 390,,,
ToyotaLand cruiser2.8EXECUTIVEprix initial : 75 390,, 22.02.2023 ALLEMAGNEDétail,DIESEL10 Km2023AUTOMATIQUE18437DEVIS ASSURANCEIMPORTEZ CETTE VOITUREVENDEZ
JeepCompass4xe1.3,,,
JeepRenegade4xe1.3LIMITED,,,
JeepRenegade1.6S,,,
NissanJuke1.0TEKNA,,,
ToyotaCorolla1.8BUSINESS,,,
ToyotaCorolla1.8TSprix initial : 29 890,,,
ToyotaRav42.0BUSINESSprix initial : 28 490,,,
ToyotaRav42.5CONFORT4X2prix initial : 40 990,,,
ToyotaCorolla1.8BUSINESS,,,
ToyotaCorolla1.8TS,,,
KiaSportage1.64X4prix initial : 21 990,,,
OpelCorsa1.0prix initial : 3 800,,,
KiaSportage1.64X2prix initial : 31 490,,,
MgZs1.5,,,
ToyotaYaris1.0CONFORTprix initial : 14 990,,,
FordKa1.2TREND,,,
Land roverRange rover velarD2402.0R DYNAMICAWDprix initial : 42 400,,,
NissanQashqai1.3ACENTA,,,
ToyotaLand cruiser2.8EXECUTIVEprix initial : 75 350,,,
KiaCeed sw1.5GT LINEprix initial : 31 990,,,
SeatArona1.0FRprix initial : 20 990,,,
ToyotaCorolla1.8BUSINESSprix initial : 25 590,,,
ToyotaYaris1.0CONFORT,,,
ToyotaYarisGr,,,
ToyotaYarisGrVE,, 14.04.2023 ALLEMAGNEDétail,ESSENCE5 000 Km2021MANUELLE18437DEVIS ASSURANCEIMPORTEZ CETTE VOITUREVENDEZ
ToyotaYaris1.0CONFORT,,,
MitsubishiEclipse cross2.4prix initial : 30 990,,,
LexusLc cabrioletLc 500V8 5.0prix initial : 128 990,,,
LexusLc cabrioletLc 500V8 5.0prix initial : 125 990,,,
RenaultMegane grandtour1.2EXPERIENCE,,,
RenaultMegane societeEXPERIENCE,,,
BmwSerie 33202.0,,,
FordFocus societe1.0prix initial : 27 990,,,
VolkswagenPassat variant2.0prix initial : 39 900,,,
MercedesClasse c breakC 200prix initial : 8 500,,,
VolkswagenArteon shooting brake2.0prix initial : 37 900,,,
KiaXceed1.5prix initial : 28 990,,,
FordFocus societe1.0prix initial : 27 990,,,
OpelCrossland x1.2prix initial : 24 990,,,
SkodaSuperb combi2.0STYLE,,,
SkodaScala1.0ACTIVEprix initial : 18 990,,,
SkodaKaroq2.0SPORTLINE,,,
SkodaOctavia combi2.0SPORTLINE,,,
AudiQ230 tfsi1.0prix initial : 21 990,,,
SuzukiSwift1.4SPORTprix initial : 21 990,,,
SkodaOctavia combi1.0STYLEprix initial : 24 990,,,
MercedesClasse aA 1802.0,,,
DaciaSandero1.0,,,
VolkswagenT-cross1.0CONFORTLINEprix initial : 25 900,,,
DaciaDuster1.2PRESTIGEprix initial : 12 990,, 25.05.2023 ALLEMAGNEDétail,ESSENCE49 000 Km2016MANUELLE18437DEVIS ASSURANCEVENDEZ
JeepCompass4xe1.3S,,,
FordTransit custom2.0prix initial : 17 777,,,
VolkswagenId buzzprix initial : 67 900,,,
VolkswagenId buzzWHITE,,,
KiaCeed sw1.0EDITION 7,,,
KiaCeed sw1.0EDITION 7prix initial : 23 990,,,
KiaStonic1.2,,,
SkodaKodiaq2.0SPORTLINE4X4prix initial : 49 890,,,
BmwSerie 3 touring320INDIVIDUALprix initial : 27 990,,,
AudiQ235 tfsi1.5DESIGNprix initial : 26 990,,,
SkodaKamiq1.5prix initial : 26 990,,,
MgMg5LUXURYprix initial : 29 900,,,
RenaultCaptur0.9LIFE,,,
FiatPanda1.1,,,
SeatMii1.0prix initial : 5 500,,,
LexusRc200t2.0prix initial : 28 990,,,
ToyotaBz4xprix initial : 55 990,,,
RenaultClio1.0prix initial : 19 490,,,
Fiat500x1.0CITY CROSS4X2prix initial : 18 990,,,
SuzukiSx4 s-cross1.4prix initial : 25 990,,,
LexusRc2.0prix initial : 28 990,,,
ToyotaC-hr1.8,,,
ToyotaProace2.0CONFORT,,,
KiaXceed1.5prix initial : 25 990,,,
ToyotaAygo x1.0X PLAYprix initial : 19 750,, 20.06.2023 ALLEMAGNEDétail,ESSENCE10 Km2023AUTOMATIQUE18437DEVIS ASSURANCEIMPORTEZ CETTE VOITUREVENDEZ
SkodaScala1.5prix initial : 20 990,,,
SkodaKamiq1.0MONTE CARLOprix initial : 28 900,,,
LadaVesta1.6prix initial : 15 990,,,
VolkswagenPassat variant2.0BUSINESSprix initial : 49 900,,,
SkodaOctavia combi1.0AMBITIONprix initial : 28 890,,,
SkodaKamiq1.0,,,
ToyotaAygo x1.0X PLAY,,,
ToyotaBz4xCONFORTprix initial : 48 470,,,
VolkswagenPassat variant2.0R LINEprix initial : 49 900,,,
RenaultClio0.9LIFE,,,
VolkswagenPassat variant1.4prix initial : 31 990,,,
VolkswagenTransporterT62.0prix initial : 19 899,,,
CitroenC11.0SHINE,,,
FordTransit custom2.0prix initial : 18 999,,,
KiaSorento2.2PLATINUMprix initial : 35 990,,,
FordFiesta1.0ACTIVE PLUSprix initial : 16 990,,,
MitsubishiLancer1.6,,,
ToyotaHilux2.7GR SPORTprix initial : 62 390,,,
ToyotaLand cruiserV8 4.5EXECUTIVEprix initial : 37 890,,,
VolkswagenGolfGti2.0PERFORMANCEprix initial : 25 900,,,
Fiat500Hybrid1.0DOLCEVITA,,,
Fiat500Hybrid1.0CLUB,,,
KiaSportage1.6SPIRIT4X4prix initial : 40 950,,,
VolkswagenPolo1.2prix initial : 2 777,,,
VolkswagenCaravelleCONFORTLINE,, 07.07.2023 ALLEMAGNEDétail,DIESEL22 969 Km2021AUTOMATIQUE18437DEVIS ASSURANCEIMPORTEZ CETTE VOITUREVENDEZ
VolkswagenCaravelle2.0CONFORTLINE,,,
KiaStonic1.4EDITION 7,,,
Fiat500Hybrid1.0DOLCEVITA,,,
Peugeot308 sw1.6prix initial : 6 999,,,
SuzukiSx4 s-cross1.6prix initial : 17 990,,,
RenaultScenic1.3LIMITEDprix initial : 17 990,,,
VolkswagenCaravelleCONFORTLINE,,,
OpelAstra1.4,,,
MitsubishiSpace star1.0EDITION 100prix initial : 10 890,,,
RenaultKadjar1.2EXPERIENCE,,,
VolkswagenArteon2.0prix initial : 26 990,,,
MercedesClasse aA 2001.3prix initial : 22 990,,,
FordKuga2.5ST LINE Xprix initial : 37 490,,,
SkodaOctavia combiRs2.0prix initial : 25 990,,,
SuzukiSx4 s-cross1.0prix initial : 16 990,,,
Fiat5001.2LOUNGE,,,
MercedesAmg gtV8 4.0prix initial : 119 890,,,
KiaCeed1.5prix initial : 26 900,,,
RenaultCaptur1.3,,,
ToyotaRav42.5ONE,,,
VolkswagenT-roc1.0,,,
SeatTarraco1.5FRprix initial : 42 900,,,
ToyotaRav42.5,,,
VolkswagenPolo1.0HIGHLINE,,,
FordFocus swSt1.0ST LINE X,, 27.07.2023 ALLEMAGNEDétail,ESSENCE10 Km2023MANUELLE18437DEVIS ASSURANCEIMPORTEZ CETTE VOITUREVENDEZ
FordFocus sw1.0ST LINE X,,,
HyundaiI30 wagon1.5,,,
FordFocus societe1.0ST LINE X,,,
FordFocus societe1.0ST LINE,,,
OpelMokka1.2prix initial : 25 900,,,
KiaCeed1.5prix initial : 26 900,,,
HyundaiI101.2prix initial : 11 990,,,
NissanJuke1.2N CONNECTAprix initial : 14 990,,,
OpelAdam1.4EDITIONprix initial : 12 990,,,
OpelMokka1.6EDITIONprix initial : 13 990,,,
SeatArona1.0STYLEprix initial : 19 990,,,
FordEcosport1.0TITANIUMprix initial : 21 990,,,
VolkswagenCaravelle2.0CONFORTLINE,,,
VolkswagenGolf swLIFEprix initial : 26 990,,,
JeepRenegade4xe1.3,,,
CitroenC5prix initial : 27 900,,,
CitroenC51.6prix initial : 36 430,,,
AudiA4 avant40 tfsi2.0SPORTprix initial : 26 990,,,
SeatArona1.0STYLEprix initial : 19 990,,,
OpelAgila1.0,,,
MercedesVito tourer,,,
MitsubishiEclipse cross2.4,,,
MitsubishiEclipse cross,,,
VolkswagenGolf1.4WOLFSBURG EDITIONprix initial : 17 990,,,
DaciaDuster1.6AMBIANCE4X2,, 11.08.2023 ALLEMAGNEDétail,ESSENCE26 278 Km2018MANUELLE18437DEVIS ASSURANCEIMPORTEZ CETTE VOITUREVENDEZ
BmwSerie 3 coupe320INDIVIDUALsponsorisée,,,
OpelAstra1.6COMFORT,,,
MercedesClasse eE 450prix initial : 53 999,,,
MercedesClasse gleGle 450 amgprix initial : 53 999,,,
VolkswagenPolo1.0HIGHLINEprix initial : 19 990,,,
SeatMii1.0I TECHprix initial : 10 990,,,
OpelInsignia sports tourer2.0prix initial : 33 490,,,
SkodaKodiaq2.0STYLE4X4,,,
ToyotaCorolla2.0BUSINESSprix initial : 24 990,,,
VolkswagenId buzz,,,
VolkswagenId buzz,,,
VolkswagenTransporterT6 california,,,
VolkswagenId buzz,,,
VolkswagenTransporterT6 california2.0,,,
VolkswagenTransporterT6 california2.0BEACH,,,
VolkswagenTransporterT6 california2.0,,,
VolkswagenId buzz,,,
HyundaiTucson1.6N LINE,,,
SeatArona1.0FR,,,
ToyotaC-hr1.2STYLE2WD,,,
MercedesClk cabrioletClk 320AVANTGARDE,,,
OpelCorsa1.2,,,
Peugeot2081.2,,,
Peugeot2081.2,,,
OpelInsignia sports tourer2.0EDITIONprix initial : 7 777,,,
RenaultClio,,,
BmwSerie 3 coupe320INDIVIDUALsponsorisée,, 18.11.2023 POLOGNEDétail,ESSENCE181 000 Km2003MANUELLE-DEVIS ASSURANCEVENDEZ
HyundaiKona1.0STYLE,,,
BmwSerie 11181.5M SPORT,,,
AudiA4 avant2.0S LINEprix initial : 30 990,,,
FordTransit connect1.5prix initial : 17 777,,,
ToyotaRav4BUSINESSprix initial : 38 490,,,
VolkswagenCrafter2.0,,,
ToyotaYaris1.0CONFORTprix initial : 19 440,,,
MercedesClk cabrioletClk 200AVANTGARDE,,,
OpelMokka1.2,,,
Peugeot1081.0STYLE,,,
SeatAteca1.4STYLE,,,
VolkswagenTransporterT6.12.0,,,
VolkswagenTiguan1.5,,,
MercedesClasse e breakE 220AMG LINEprix initial : 34 500,,,
VolkswagenMultivanLIFE,,,
VolkswagenMultivan,,,
MercedesClasse c breakC 220prix initial : 12 800,,,
ToyotaProace cityCONFORTprix initial : 35 490,,,
VolkswagenCaddy utilitaire2.0,,,
VolkswagenCaddy2.0,,,
RenaultCaptur1.2EXPERIENCE,,,
MercedesClasse bB 200URBAN,,,
HyundaiI101.0TREND,,,
SkodaEnyaqprix initial : 59 380,,,
SeatLeon1.5XCELLENCE,, 15.09.2023 ALLEMAGNEDétail,ESSENCE39 987 Km2019MANUELLE18437DEVIS ASSURANCEIMPORTEZ CETTE VOITUREVENDEZ
BmwSerie 7728sponsorisée,,,
VolkswagenGolf sportsvan1.2,,,
VolkswagenGolf sportsvan1.2,,,
VolkswagenGolf1.2prix initial : 10 299,,,
MazdaCx-30Skyactiv g2.0SELECTION,,,
ChevroletCapriceprix initial : 13 500,,,
JeepCompass1.5,,,
VolkswagenGolfEhybrid1.4STYLE,,,
VolkswagenPolo societe1.2,,,
ToyotaHighlander2.5prix initial : 56 890,,,
VolkswagenTransporterT6 california2.0BEACH,,,
VolkswagenTaigo,,,
VolkswagenTaigo1.5STYLE,,,
AudiA1 sportback2.0S LINE,,,
VolkswagenCaddy utilitaire2.0,,,
VolkswagenCaddy2.0,,,
CitroenC21.4,,,
MitsubishiColt1.1INFORM,,,
RenaultTwingo1.0DYNAMIQUE,,,
SeatLeon1.0STYLE,,,
BmwSerie 5 touring540M SPORTprix initial : 41 990,,,
BmwSerie 2 active tourer2181.5EDITION AVANTAGE,,,
BmwSerie 5 touring540d xdriveM SPORTprix initial : 41 990,,,
ToyotaRav4BUSINESSprix initial : 36 990,,,
OpelMokka1.2prix initial : 28 990,,,
SeatLeon st1.4FR,,,
BmwSerie 7728sponsorisée,, 12.11.2023 PAYS-BASDétail,ESSENCE229 000 Km2000AUTOMATIQUE7693DEVIS ASSURANCEVENDEZ
DaciaLodgyprix initial : 16 990,,,
VolkswagenTransporterT4prix initial : 4 600,,,
CupraFormentor1.5prix initial : 31 490,,,
MercedesClasse slSl 280,,,
ToyotaYaris1.0Lprix initial : 14 990,,,
KiaPicanto1.2,,,
KiaCeed1.5,,,
FordEcosport1.0ST LINE,,,
FordFocus societe1.0ST LINE Xprix initial : 32 900,,,
OpelCorsa1.2,,,
ToyotaAygoprix initial : 3 700,,,
VolkswagenT-roc1.5STYLE,,,
KiaSportage1.64X2,,,
CitroenC1prix initial : 2 666,,,
SeatAteca1.5,,,
HyundaiI301.0,,,
FordEcosport1.5TITANIUM,,,
SeatLeon1.4XCELLENCE,,,
CupraLeon st2.0,,,
MercedesClasse e breakE 220AVANTGARDEprix initial : 9 999,,,
MercedesClasse eE 220AVANTGARDEprix initial : 9 999,,,
RenaultTrafic,,,
VolkswagenGolf1.9,,,
ToyotaAygo1.0,,,
ToyotaCorolla2.0,, 05.10.2023 ALLEMAGNEDétail,HYBRIDE10 Km2023AUTOMATIQUE18437DEVIS ASSURANCEIMPORTEZ CETTE VOITUREVENDEZ
OpelCorsa1.2,,,
SkodaKaroq2.0,,,
LexusRxF SPORT,,,
VolkswagenTransporterT4,,,
VolkswagenGolf sportsvan1.0CONFORTLINE,,,
VolkswagenPoloGti2.0,,,
NissanX-trailXprix initial : 2 300,,,
OpelInsignia sports tourer2.0OPC LINEprix initial : 18 900,,,
SkodaSuperb2.0STYLE4X4,,,
SeatLeon st1.5FR,,,
SeatArona1.0,,,
VolkswagenSantana,,,
OpelAstra1.4150EME ANNIVERSAIRE,,,
VolkswagenTouran1.4HIGHLINE,,,
VolkswagenTouran1.4R LINE,,,
MitsubishiSpace star1.0,,,
ToyotaHilux2.4STYLE4X4,,,
ToyotaHilux2.7GR SPORT,,,
ToyotaHilux2.4,,,
MercedesClasse mMl 350prix initial : 31 200,,,
FordFiesta1.3,,,
VolkswagenPolo1.0CONFORTLINE,,,
VolkswagenGolf sw1.6CONFORTLINE,,,
VolkswagenCaddy utilitaire2.0HIGHLINE,,,
VolkswagenCaddy2.0HIGHLINE,, 12.10.2023 ALLEMAGNEDétail,DIESEL49 585 Km2017MANUELLE18437DEVIS ASSURANCEIMPORTEZ CETTE VOITUREVENDEZ
Peugeot30081.6,,,
NissanQashqaiE-power1.5,,,
NissanQashqaiE-power1.5,,,
JeepCompass1.5,,,
VolkswagenT-cross1.0CROSS,,,
VolkswagenT-roc2.0SPORT4MOTION,,,
VolkswagenPassatprix initial : 13 350,,,
VolkswagenTiguan2.0,,,
MitsubishiSpace star1.2DIAMANT EDITION,,,
NissanQashqai1.3,,,
VolkswagenPolo1.0,,,
OpelCorsa1.2,,,
Fiat500x1.0,,,
NissanQashqaiE-power1.5,,,
VolkswagenPassat1.5prix initial : 26 599,,,
VolkswagenTouran1.5,,,
FordFocus sw1.0,,,
VolkswagenPassat1.4CONFORTLINE,,,
KiaSportage1.64X2,,,
FordFocus societe1.0,,,
SkodaScala1.0,,,
KiaCeed sw1.6FIFA WORLD CUP EDITIONprix initial : 10 890,,,
ToyotaLand cruiser2.8CONFORT,,,
FordFocus1.0,,,
ToyotaProace2.0,, 18.10.2023 ALLEMAGNEDétail,DIESEL10 Km2024MANUELLE18437DEVIS ASSURANCEIMPORTEZ CETTE VOITUREVENDEZ
ToyotaProace2.0,,,
ToyotaLand cruiser2.8EXECUTIVE,,,
ToyotaProace2.0EXECUTIVE,,,
ToyotaProace2.0,,,
ToyotaProace2.0CONFORT,,,
ToyotaProace2.0EXECUTIVE,,,
ToyotaProace2.0EXECUTIVE,,,
CitroenC11.0FEEL,,,
ToyotaProace2.0CONFORTprix initial : 37 560,,,
ToyotaProace2.0,,,
ToyotaProace2.0,,,
VolkswagenBora sw2.0HIGHLINE,,,
ToyotaPrius1.8CONFORT,,,
FordEcosport1.0ST LINE,,,
FordEcosport1.0ST LINE,,,
FordEcosport1.0ST LINE,,,
CitroenC1,,,
MitsubishiColt1.1,,,
SkodaKamiq1.5MONTE CARLO,,,
SeatAteca1.5,,,
CupraFormentor1.5prix initial : 32 900,,,
DaciaDuster1.2BLACK SHADOW4X2,,,
OpelInsignia2.0prix initial : 6 899,,,
FordTransit connect,,,
Peugeot308 sw,, 20.10.2023 ALLEMAGNEDétail,ESSENCE148 522 Km2011MANUELLE18437DEVIS ASSURANCEVENDEZ
LexusRz450e,,,
LexusRz450eLUXURY,,,
ToyotaBz4xCONFORT,,,
ToyotaRav42.0BUSINESS,,,
ToyotaRav4BUSINESS,,,
ToyotaRav4BUSINESS,,,
VolkswagenT-cross1.0CROSS,,,
AudiA4 avant2.0prix initial : 11 000,,,
FordMustang cabrioletprix initial : 19 900,,,
CitroenC2prix initial : 2 500,,,
CitroenC4 picassoprix initial : 4 990,,,
OpelZafira1.6prix initial : 5 200,,,
CitroenC4 picasso1.6SELECTIONprix initial : 4 990,,,
LexusGx 460V8 4.6prix initial : 28 999,,,
VolkswagenTiguan2.0R LINE4MOTION,,,
MercedesClasse e coupeE 230,,,
FordTransit customprix initial : 14 999,,,
FordTransit customprix initial : 18 999,,,
RenaultKangoo van,,,
HyundaiGetz1.4CONFORTprix initial : 3 499,,,
VolkswagenGolf sw1.4HIGHLINE,,,
VolkswagenGolf1.4HIGHLINE,,,
VolkswagenT-cross1.0R LINE,,,
NissanQashqai1.3,,,
FordFocus sw,, 25.10.2023 ALLEMAGNEDétail,DIESEL129 987 Km2019MANUELLE18437DEVIS ASSURANCEIMPORTEZ CETTE VOITUREVENDEZ
