ncisearchproduct_model,étiquette5
JOGGER,": 26 145,43 €"
DUSTER,
SANDERO,": 19 142,03 €"
SANDERO,": 20 455,08 €"
SANDERO,": 20 239,46 €"
SANDERO,": 20 454,10 €"
SANDERO,": 21 753,09 €"
SPRING,": 21 580,41 €"
SANDERO,": 17 960,64 €"
SANDERO,": 22 106,87 €"
SANDERO,": 21 100,90 €"
SANDERO,": 21 398,33 €"
SANDERO,": 19 732,48 €"
SPRING,
SANDERO,
JOGGER,
JOGGER,": 29 376,67 €"
SANDERO,": 22 699,40 €"
SANDERO,": 23 598,61 €"
JOGGER,": 29 294,75 €"
SANDERO,": 21 975,94 €"
SANDERO,": 23 827,25 €"
SPRING,": 23 851,93 €"
SANDERO,": 22 465,64 €"
SANDERO,": 22 998,99 €"
SPRING,": 23 230,81 €"
SANDERO,": 20 397,96 €"
SPRING,": 22 005,17 €"
SPRING,": 24 158,33 €"
SANDERO,": 20 620,10 €"
SANDERO,": 19 378,99 €"
SANDERO,": 21 360,90 €"
SPRING,": 23 644,57 €"
SANDERO,": 24 022,82 €"
SANDERO,": 21 840,04 €"
SPRING,": 23 139,61 €"
SANDERO,": 21 582,29 €"
SANDERO,": 23 979,25 €"
JOGGER,": 29 117,86 €"
SANDERO,": 22 369,71 €"
SANDERO,": 22 290,44 €"
SANDERO,": 23 205,78 €"
SANDERO,": 22 468,11 €"
SANDERO,": 17 296,05 €"
JOGGER,": 25 989,72 €"
SANDERO,": 22 211,13 €"
SANDERO,": 17 515,92 €"
JOGGER,": 26 641,56 €"
JOGGER,": 34 909,05 €"
JOGGER,": 35 618,79 €"
JOGGER,": 35 866,73 €"
SANDERO,": 20 007,31 €"
JOGGER,": 27 882,79 €"
JOGGER,": 35 146,43 €"
JOGGER,": 25 634,52 €"
SANDERO,": 23 201,65 €"
JOGGER,": 35 619,77 €"
JOGGER,": 34 580,93 €"
SANDERO,": 23 060,87 €"
JOGGER,": 35 276,77 €"
JOGGER,": 27 885,57 €"
SANDERO,": 20 852,75 €"
SANDERO,": 22 434,34 €"
SANDERO,": 22 176,05 €"
SANDERO,": 21 950,24 €"
JOGGER,": 27 767,48 €"
SANDERO,": 21 647,46 €"
SANDERO,": 20 466,19 €"
SANDERO,": 20 122,99 €"
SANDERO,": 20 566,19 €"
JOGGER,": 28 340,75 €"
SANDERO,": 22 319,62 €"
JOGGER,": 28 471,08 €"
SANDERO,": 22 582,28 €"
JOGGER,": 27 236,70 €"
SANDERO,": 22 517,28 €"
JOGGER,": 27 412,72 €"
JOGGER,": 28 076,32 €"
SANDERO,": 15 183,32 €"
SANDERO,": 21 723,88 €"
SPRING,": 24 942,39 €"
SPRING,": 24 197,43 €"
SPRING,": 24 733,59 €"
SPRING,": 24 010,07 €"
SANDERO,": 22 571,11 €"
SPRING,": 24 079,83 €"
SPRING,": 24 422,55 €"
SPRING,": 23 907,35 €"
SPRING,": 23 481,11 €"
SANDERO,": 23 618,24 €"
SANDERO,": 22 682,71 €"
JOGGER,": 24 120,40 €"
SANDERO,": 23 152,74 €"
SANDERO,": 23 824,52 €"
SANDERO,": 20 708,33 €"
SANDERO,": 23 995,91 €"
SANDERO,": 23 653,89 €"
JOGGER,": 29 628,28 €"
JOGGER,": 29 134,16 €"
JOGGER,": 28 994,52 €"
JOGGER,": 29 566,64 €"
SANDERO,": 22 317,01 €"
SANDERO,": 23 230,61 €"
SANDERO,": 24 079,58 €"
SPRING,": 24 474,39 €"
SPRING,": 24 111,03 €"
SPRING,": 24 318,87 €"
SPRING,": 24 734,55 €"
JOGGER,": 26 582,52 €"
SPRING,": 23 855,51 €"
SANDERO,": 19 566,31 €"
JOGGER,": 33 919,74 €"
SPRING,": 23 647,67 €"
SANDERO,": 20 294,83 €"
SANDERO,": 19 550,35 €"
SANDERO,": 20 811,43 €"
SPRING,": 24 370,71 €"
SANDERO,": 17 101,72 €"
SANDERO,": 23 615,88 €"
SANDERO,": 23 165,96 €"
SANDERO,": 17 735,28 €"
SPRING,": 24 059,19 €"
SANDERO,": 18 085,20 €"
JOGGER,": 28 344,68 €"
JOGGER,": 29 070,91 €"
SANDERO,": 19 391,55 €"
SANDERO,": 22 794,18 €"
JOGGER,": 29 744,24 €"
SANDERO,": 21 704,10 €"
SANDERO,": 21 256,84 €"
SANDERO,": 24 047,80 €"
JOGGER,": 29 826,24 €"
JOGGER,": 28 603,64 €"
JOGGER,": 35 394,86 €"
JOGGER,": 33 572,70 €"
SANDERO,": 21 664,84 €"
SANDERO,": 22 015,24 €"
SPRING,": 23 395,19 €"
SPRING,": 23 596,79 €"
SANDERO,": 20 043,87 €"
SANDERO,": 22 967,74 €"
SANDERO,": 23 441,36 €"
SANDERO,": 21 548,68 €"
SANDERO,": 20 387,21 €"
SANDERO,": 23 908,81 €"
SANDERO,": 18 642,53 €"
SANDERO,": 21 233,41 €"
SANDERO,": 22 262,02 €"
SANDERO,": 22 992,26 €"
JOGGER,": 29 983,96 €"
SANDERO,": 15 994,68 €"
SANDERO,": 20 617,63 €"
SANDERO,": 17 457,88 €"
SANDERO,": 21 606,76 €"
SANDERO,": 17 958,96 €"
SANDERO,": 16 973,36 €"
SANDERO,": 20 008,27 €"
SANDERO,": 23 897,56 €"
SANDERO,": 23 447,16 €"
