Champ1,Champ2
NISSAN JUKE HYBRID,À PARTIR DE 280€ /MOIS⁽¹⁾
NISSAN JUKE,À 230€ /MOIS⁽¹⁾
NISSAN JUKE HYBRID,À PARTIR DE 28 850€
NISSAN JUKE,À PARTIR DE 20 650€
NISSAN QASHQAI e-POWER,À PARTIR DE 300€ /MOIS⁽¹⁾
NISSAN QASHQAI,À 300€ / MOIS⁽¹⁾
NISSAN QASHQAI e-POWER,À PARTIR DE 34 100€
NISSAN QASHQAI,À PARTIR DE 28 700€
NISSAN X-TRAIL e-POWER,À PARTIR DE 330€ / MOIS⁽¹⁾
NISSAN X-TRAIL e-POWER,À PARTIR DE 38 700€
NISSAN LEAF,À PARTIR DE 130€ / MOIS⁽¹⁾
NISSAN LEAF,À PARTIR DE 31 200€⁽¹⁾
NISSAN ARIYA,À PARTIR DE 350€ / MOIS⁽¹⁾
NISSAN ARIYA,À PARTIR DE 38 300€⁽¹⁾
NOUVEAU NISSAN TOWNSTAR EV,À PARTIR DE 299€ / MOIS⁽¹⁾
NISSAN TOWNSTAR,À PARTIR DE 23 840€ TTC⁽¹⁾
