Modèle,Prix1,Prix
ESPACE,40 990 €TTC*,": 50 348,19 €"
ARKANA,36 096 €TTC*,
MEGANE E-TECH 100% ELECTRIQUE,43 335 €TTC*,
MEGANE E-TECH 100% ELECTRIQUE,,
ARKANA,33 847 €TTC*,
CAPTUR,35 008 €TTC*,
MEGANE E-TECH 100% ELECTRIQUE,44 900 €TTC*,
CAPTUR,,
TWINGO E-TECH 100% ELECTRIQUE,24 784 €TTC*,": 24 957,47 €"
CLIO,25 490 €TTC*,
ARKANA,32 556 €TTC*,
AUSTRAL,,
TWINGO,,
ZOE E-TECH 100% ELECTRIQUE,34 675 €TTC*,
AUSTRAL,41 900 €TTC*,
CLIO,,
ARKANA,33 990 €TTC*,
ARKANA,,": 45 744,48 €"
AUSTRAL,39 148 €TTC*,
CAPTUR,23 478 €TTC*,
CAPTUR,25 544 €TTC*,
CAPTUR,,": 40 703,94 €"
AUSTRAL,33 216 €TTC*,
CLIO,20 227 €TTC*,": 22 917,00 €"
MEGANE,,
CLIO,20 460 €TTC*,
MEGANE E-TECH 100% ELECTRIQUE,46 795 €TTC*,
CAPTUR,27 072 €TTC*,
CAPTUR,27 208 €TTC*,
AUSTRAL,40 978 €TTC*,": 46 964,01 €"
CLIO,,": 32 469,47 €"
AUSTRAL,41 615 €TTC*,
CAPTUR,28 560 €TTC*,
CAPTUR,28 699 €TTC*,": 32 520,34 €"
AUSTRAL,39 291 €TTC*,
CAPTUR,29 388 €TTC*,
AUSTRAL,36 613 €TTC*,": 41 010,72 €"
ZOE E-TECH 100% ELECTRIQUE,,
ARKANA,36 962 €TTC*,
CLIO,18 350 €TTC*,
CLIO,,": 26 915,52 €"
KANGOO VP E-TECH 100% ELECTRIQUE,,
KANGOO VP E-TECH 100% ELECTRIQUE,,": 50 159,90 €"
KANGOO VP E-TECH 100% ELECTRIQUE,41 207 €TTC*,
KANGOO VP E-TECH 100% ELECTRIQUE,41 850 €TTC*,
ARKANA,,
ARKANA,33 300 €TTC*,": 38 270,83 €"
AUSTRAL,38 401 €TTC*,
TWINGO E-TECH 100% ELECTRIQUE,27 400 €TTC*,
TWINGO E-TECH 100% ELECTRIQUE,27 000 €TTC*,": 27 186,16 €"
AUSTRAL,47 490 €TTC*,": 54 236,85 €"
ESPACE,,
ZOE E-TECH 100% ELECTRIQUE,34 424 €TTC*,": 35 665,01 €"
ZOE E-TECH 100% ELECTRIQUE,33 550 €TTC*,
ZOE E-TECH 100% ELECTRIQUE,,": 39 992,53 €"
AUSTRAL,46 820 €TTC*,
ZOE E-TECH 100% ELECTRIQUE,36 036 €TTC*,
ZOE E-TECH 100% ELECTRIQUE,35 150 €TTC*,
ARKANA,37 833 €TTC*,
ESPACE,60 325 €TTC*,
ESPACE,44 500 €TTC*,
ARKANA,34 200 €TTC*,
CAPTUR,28 499 €TTC*,
AUSTRAL,44 164 €TTC*,
ARKANA,,": 40 636,81 €"
ARKANA,31 497 €TTC*,
ARKANA,,": 40 858,57 €"
ZOE E-TECH 100% ELECTRIQUE,,": 36 601,61 €"
ZOE E-TECH 100% ELECTRIQUE,33 890 €TTC*,
ZOE E-TECH 100% ELECTRIQUE,36 407 €TTC*,
ZOE E-TECH 100% ELECTRIQUE,34 860 €TTC*,": 36 113,93 €"
CLIO,23 436 €TTC*,
AUSTRAL,40 673 €TTC*,
KANGOO VP,,
AUSTRAL,43 444 €TTC*,
TWINGO E-TECH 100% ELECTRIQUE,26 400 €TTC*,
KANGOO VP,,": 33 090,69 €"
AUSTRAL,44 500 €TTC*,
CAPTUR,,": 35 454,20 €"
TWINGO E-TECH 100% ELECTRIQUE,,
CAPTUR,29 033 €TTC*,": 32 316,08 €"
AUSTRAL,,": 52 132,87 €"
TWINGO,,": 19 403,72 €"
AUSTRAL,39 526 €TTC*,": 45 254,83 €"
CAPTUR,,": 34 661,84 €"
TWINGO E-TECH 100% ELECTRIQUE,25 972 €TTC*,
ZOE E-TECH 100% ELECTRIQUE,37 684 €TTC*,
AUSTRAL,43 929 €TTC*,": 50 196,09 €"
ZOE E-TECH 100% ELECTRIQUE,34 600 €TTC*,
TWINGO,18 790 €TTC*,": 20 834,32 €"
AUSTRAL,44 555 €TTC*,
AUSTRAL,45 945 €TTC*,": 52 544,49 €"
TWINGO,44 866 €TTC*,
AUSTRAL,39 431 €TTC*,
AUSTRAL,45 080 €TTC*,": 51 475,87 €"
AUSTRAL,43 966 €TTC*,
KANGOO VP E-TECH 100% ELECTRIQUE,30 624 €TTC*,
TWINGO,16 900 €TTC*,
ARKANA,36 665 €TTC*,
ZOE E-TECH 100% ELECTRIQUE,,": 38 163,05 €"
TWINGO,,": 19 727,00 €"
ARKANA,37 630 €TTC*,
TWINGO,,": 19 457,72 €"
MEGANE E-TECH 100% ELECTRIQUE,,": 51 151,22 €"
CAPTUR,,": 39 049,32 €"
TWINGO,,": 18 811,52 €"
AUSTRAL,48 200 €TTC*,
CLIO,,": 27 785,80 €"
CAPTUR,32 450 €TTC*,
CAPTUR,25 700 €TTC*,": 29 076,23 €"
MEGANE ESTATE,,
CLIO,,": 32 197,31 €"
CLIO,,": 28 749,00 €"
ARKANA,38 236 €TTC*,
CLIO,28 616 €TTC*,": 32 324,03 €"
CLIO,28 519 €TTC*,
ARKANA,,": 46 269,80 €"
TWINGO,16 600 €TTC*,
TWINGO,18 637 €TTC*,
ARKANA,38 550 €TTC*,
TWINGO,16 850 €TTC*,": 18 649,88 €"
ARKANA,36 536 €TTC*,
TWINGO,16 600 €TTC*,": 18 380,24 €"
ARKANA,34 750 €TTC*,": 39 894,76 €"
ARKANA,35 450 €TTC*,": 40 664,80 €"
TWINGO,17 150 €TTC*,
CAPTUR,,": 38 222,30 €"
TWINGO,16 850 €TTC*,
AUSTRAL,,": 48 237,79 €"
AUSTRAL,48 548 €TTC*,": 55 273,87 €"
CAPTUR,,": 34 898,72 €"
CAPTUR,22 206 €TTC*,
AUSTRAL,,": 51 861,81 €"
CAPTUR,31 550 €TTC*,
CAPTUR,30 500 €TTC*,": 34 005,62 €"
AUSTRAL,35 123 €TTC*,
CAPTUR,29 350 €TTC*,
CAPTUR,28 750 €TTC*,": 31 972,64 €"
CAPTUR,29 596 €TTC*,
TWINGO,18 790 €TTC*,
MEGANE,,": 38 488,13 €"
MEGANE,33 282 €TTC*,": 40 089,44 €"
CAPTUR,29 750 €TTC*,
MEGANE E-TECH 100% ELECTRIQUE,,": 50 260,06 €"
CAPTUR,,": 36 302,96 €"
CAPTUR,28 563 €TTC*,
CAPTUR,,": 34 877,12 €"
CAPTUR,,": 32 354,28 €"
CAPTUR,22 100 €TTC*,
CAPTUR,,": 35 131,64 €"
CAPTUR,22 100 €TTC*,": 25 086,07 €"
CAPTUR,28 498 €TTC*,": 31 701,20 €"
ZOE E-TECH 100% ELECTRIQUE,36 050 €TTC*,": 37 339,01 €"
CAPTUR,31 355 €TTC*,": 34 966,92 €"
CAPTUR,,": 37 121,36 €"
MEGANE E-TECH 100% ELECTRIQUE,,": 52 132,78 €"
CAPTUR,23 920 €TTC*,
AUSTRAL,,": 49 890,45 €"
MEGANE E-TECH 100% ELECTRIQUE,46 599 €TTC*,": 49 329,62 €"
CAPTUR,,": 36 207,32 €"
MEGANE,,": 40 233,91 €"
CAPTUR,,": 29 985,31 €"
CAPTUR,29 562 €TTC*,": 32 885,24 €"
CAPTUR,,": 30 659,95 €"
CAPTUR,,": 35 113,64 €"
AUSTRAL,,": 50 328,57 €"
ZOE E-TECH 100% ELECTRIQUE,34 850 €TTC*,
CAPTUR,32 750 €TTC*,": 37 057,20 €"
CAPTUR,24 262 €TTC*,": 27 465,05 €"
TWINGO E-TECH 100% ELECTRIQUE,,": 29 197,10 €"
CAPTUR,,": 36 529,88 €"
MEGANE E-TECH 100% ELECTRIQUE,,": 52 236,82 €"
MEGANE E-TECH 100% ELECTRIQUE,,": 50 214,86 €"
CAPTUR,,": 34 554,20 €"
CAPTUR,,": 35 691,08 €"
CAPTUR,,": 36 099,68 €"
CAPTUR,,": 35 238,92 €"
CAPTUR,,": 34 446,56 €"
CAPTUR,,": 35 929,18 €"
CAPTUR,26 000 €TTC*,": 29 402,75 €"
CAPTUR,,": 35 475,80 €"
CAPTUR,29 274 €TTC*,
TWINGO E-TECH 100% ELECTRIQUE,,": 27 845,28 €"
CAPTUR,23 270 €TTC*,
CAPTUR,,": 30 445,85 €"
CAPTUR,34 570 €TTC*,
CAPTUR,,": 36 422,24 €"
TWINGO E-TECH 100% ELECTRIQUE,,": 28 855,10 €"
TWINGO E-TECH 100% ELECTRIQUE,25 820 €TTC*,": 25 995,42 €"
CAPTUR,,": 35 884,40 €"
TWINGO E-TECH 100% ELECTRIQUE,,": 26 738,28 €"
ZOE E-TECH 100% ELECTRIQUE,36 850 €TTC*,
ZOE E-TECH 100% ELECTRIQUE,35 850 €TTC*,": 37 133,45 €"
KANGOO VP,,": 29 551,11 €"
CAPTUR,,": 36 314,60 €"
CAPTUR,,": 34 124,00 €"
MEGANE E-TECH 100% ELECTRIQUE,,": 47 254,18 €"
ZOE E-TECH 100% ELECTRIQUE,,": 38 471,93 €"
