Titre,prix
Ibiza,"
                                    
                                        
                                            
                                                À partir de
                                                21.600  €
                                                
                                            
                                        
                                        
                                    
                                "
Arona,"
                                    
                                        
                                            
                                                À partir de
                                                23.990  €
                                                
                                            
                                        
                                        
                                    
                                "
Leon,"
                                    
                                        
                                            
                                                À partir de
                                                29.050  €
                                                
                                            
                                        
                                        
                                    
                                "
Ateca,"
                                    
                                        
                                            
                                                À partir de
                                                32.500  €
                                                
                                            
                                        
                                        
                                    
                                "
Tarraco,"
                                    
                                        
                                            
                                                À partir de
                                                53.090  €
                                                
                                            
                                        
                                        
                                    
                                "
Leon Sportstourer,"
                                    
                                        
                                            
                                                À partir de
                                                30.215  €
                                                
                                            
                                        
                                        
                                    
                                "
SEAT MÓ 125 Performance,"
                                    
                                        
                                            
                                                Achat dès
                                                8.900  €
                                                
                                            
                                        
                                        
                                    
                                "
SEAT MÓ 125,"
                                    
                                        
                                            
                                                Achat dès
                                                7.275  €
                                                
                                            
                                        
                                        
                                    
                                "
SEAT MÓ 50,"
                                    
                                        
                                            
                                                Achat dès
                                                5.900  €
                                                
                                            
                                        
                                        
                                    
                                "
SEAT MÓ 65,"
                                    
                                "
