Titre,image,count,prix,bt3
T-Roc,"data:image/gif;base64,R0lGODlhAQABAAAAACH5BAEKAAEALAAAAAABAAEAAAICTAEAOw==",1 435 véhicules disponibles,À partir de 27 395 €,Sélectionner ce modèle
Tiguan,"data:image/gif;base64,R0lGODlhAQABAAAAACH5BAEKAAEALAAAAAABAAEAAAICTAEAOw==",1 275 véhicules disponibles,À partir de 40 655 €,Sélectionner ce modèle
T-Cross,"data:image/gif;base64,R0lGODlhAQABAAAAACH5BAEKAAEALAAAAAABAAEAAAICTAEAOw==",1 145 véhicules disponibles,À partir de 25 850 €,Sélectionner ce modèle
Polo,"data:image/gif;base64,R0lGODlhAQABAAAAACH5BAEKAAEALAAAAAABAAEAAAICTAEAOw==",896 véhicules disponibles,À partir de 21 296 €,Sélectionner ce modèle
Taigo,"data:image/gif;base64,R0lGODlhAQABAAAAACH5BAEKAAEALAAAAAABAAEAAAICTAEAOw==",730 véhicules disponibles,À partir de 25 565 €,Sélectionner ce modèle
Nouvelle ID.3,"data:image/gif;base64,R0lGODlhAQABAAAAACH5BAEKAAEALAAAAAABAAEAAAICTAEAOw==",223 véhicules disponibles,À partir de 43 220 €,Sélectionner ce modèle
ID.4,"data:image/gif;base64,R0lGODlhAQABAAAAACH5BAEKAAEALAAAAAABAAEAAAICTAEAOw==",712 véhicules disponibles,À partir de 44 000 €,Sélectionner ce modèle
ID.5,"data:image/gif;base64,R0lGODlhAQABAAAAACH5BAEKAAEALAAAAAABAAEAAAICTAEAOw==",281 véhicules disponibles,À partir de 58 020 €,Sélectionner ce modèle
ID.3,"data:image/gif;base64,R0lGODlhAQABAAAAACH5BAEKAAEALAAAAAABAAEAAAICTAEAOw==",75 véhicules disponibles,À partir de 42 650 €,Sélectionner ce modèle
e-up!,"data:image/gif;base64,R0lGODlhAQABAAAAACH5BAEKAAEALAAAAAABAAEAAAICTAEAOw==",352 véhicules disponibles,À partir de 27 340 €,Sélectionner ce modèle
Golf,"data:image/gif;base64,R0lGODlhAQABAAAAACH5BAEKAAEALAAAAAABAAEAAAICTAEAOw==",275 véhicules disponibles,À partir de 31 060 €,Sélectionner ce modèle
Passat SW,"data:image/gif;base64,R0lGODlhAQABAAAAACH5BAEKAAEALAAAAAABAAEAAAICTAEAOw==",259 véhicules disponibles,À partir de 43 390 €,Sélectionner ce modèle
T-Roc Cabriolet,"data:image/gif;base64,R0lGODlhAQABAAAAACH5BAEKAAEALAAAAAABAAEAAAICTAEAOw==",143 véhicules disponibles,À partir de 39 760 €,Sélectionner ce modèle
Tiguan Allspace,"data:image/gif;base64,R0lGODlhAQABAAAAACH5BAEKAAEALAAAAAABAAEAAAICTAEAOw==",123 véhicules disponibles,À partir de 48 065 €,Sélectionner ce modèle
Nouveau Touareg,"data:image/gif;base64,R0lGODlhAQABAAAAACH5BAEKAAEALAAAAAABAAEAAAICTAEAOw==",80 véhicules disponibles,À partir de 96 986 €,Sélectionner ce modèle
Arteon Shooting Break,"data:image/gif;base64,R0lGODlhAQABAAAAACH5BAEKAAEALAAAAAABAAEAAAICTAEAOw==",85 véhicules disponibles,À partir de 59 920 €,Sélectionner ce modèle
Passat SW GTE,"data:image/gif;base64,R0lGODlhAQABAAAAACH5BAEKAAEALAAAAAABAAEAAAICTAEAOw==",68 véhicules disponibles,À partir de 55 590 €,Sélectionner ce modèle
up!,"data:image/gif;base64,R0lGODlhAQABAAAAACH5BAEKAAEALAAAAAABAAEAAAICTAEAOw==",53 véhicules disponibles,À partir de 17 795 €,Sélectionner ce modèle
Golf SW,"data:image/gif;base64,R0lGODlhAQABAAAAACH5BAEKAAEALAAAAAABAAEAAAICTAEAOw==",34 véhicules disponibles,À partir de 33 775 €,Sélectionner ce modèle
ID.7,"data:image/gif;base64,R0lGODlhAQABAAAAACH5BAEKAAEALAAAAAABAAEAAAICTAEAOw==",145 véhicules disponibles,À partir de 71 185 €,Sélectionner ce modèle
Touran,"data:image/gif;base64,R0lGODlhAQABAAAAACH5BAEKAAEALAAAAAABAAEAAAICTAEAOw==",23 véhicules disponibles,À partir de 40 285 €,Sélectionner ce modèle
Arteon,"data:image/gif;base64,R0lGODlhAQABAAAAACH5BAEKAAEALAAAAAABAAEAAAICTAEAOw==",12 véhicules disponibles,À partir de 60 735 €,Sélectionner ce modèle
,https://www.volkswagen.fr/app/stocks/assets/images/static/VU_titre_blanc.jpg?v3.1.34,,,Découvrir
