modele,prix_initial,prix_actuel,date_loc,info
CitroenId,,NC,,
NissanSkylineGt-r,,NC,,
NissanSkylineGt-r,,NC,,
NissanGt-rprix initial : 967,,138 578 €,,
BentleyArnageRlV8 6.75,,NC,,
Porsche911 997Gt2 rs,,NC,,
HondaS800,,49 630 €,,
HondaS800prix initial : 44 230,,NC,,
NissanSkylineGt-r,,NC,,
NissanSkylineGt-r,,NC,,
Alfa romeo8c,,NC,,
Ferrari365 gtb/4 daytonaV12 4.4,,NC,,
HondaS600,,NC,,
Ferrari575Superamerica,,NC,,
NissanSkylineGt-r,,NC,,
Mc larenP1V8 3.8,,NC,,
NissanGt-rNismo,,NC,,
LanciaFlaminiaprix initial : 320 000,,NC,,
HondaS800prix initial : 41 128,,NC,,
BentleyTurbo rprix initial : 13 786,,NC,,
NissanSkylineGt-r,,NC,,
FerrariF430 spider16mprix initial : 2 329,,333 847 €,,
LanciaDeltaEvoluzione2.0prix initial : 725,,103 934 €,,
FordSierraRs cosworthprix initial : 58 795,,54 000 €,,
Ferrari512bbprix initial : 337 286,,264 235 €, 01.04.2023 JAPONDétail,ESSENCE21 928 Km1979MANUELLE-DEVIS ASSURANCEVENDEZ
Ferrari308Gtbprix initial : 146 988,,135 000 €,,
LamborghiniMiura,,NC,,
Aston martinDb54.0,,NC,,
MorrisTenprix initial : 197,,28 346 €,,
AudiR8V10 5.2QUATTROprix initial : 3 736,,535 415 €,,
BmwSerie 3M3prix initial : 227,,32 635 €,,
Ferrari360 modenaChallengeprix initial : 637,,91 336 €,,
LotusEvija,,NC,,
FordMustangMach 1,,NC,,
Alfa romeoGiulia gtam,,NC,,
Rolls royceCullinanprix initial : 293 976,,270 000 €,,
MercedesClasse gG 63 amg,,NC,,
LamborghiniUrusprix initial : 315 289,,247 002 €,,
FordMustangShelby gt500prix initial : 153 978,,120 629 €,,
FerrariF8 tributo,,NC,,
FerrariSf90 stradaleprix initial : 517 180,,475 000 €,,
Porsche911 935,,460 053 €,,
MercedesAmg gtprix initial : 249 298,,195 304 €,,
Land roverRange rover lwbV8 5.0AWDprix initial : 165 461,,141 136 €,,
FordGtprix initial : 810 331,,950 000 €,,
Ferrari488prix initial : 1 802,,258 259 €,,
FerrariF12 tdf,,NC,,
BmwSerie 4M43.0,,127 229 €,,
FerrariJ50,,NC,,
FerrariCaliforniaprix initial : 123 682,,145 000 €, 01.04.2023 JAPONDétail,ESSENCE23 000 Km2016--DEVIS ASSURANCEVENDEZ
PorscheCarrera gtprix initial : 1 197 680,,1 100 000 €,,
LamborghiniMurcielago,,165 951 €,,
Ferrari308Gtbprix initial : 100 381,,78 366 €,,
MercedesClasse s560 selprix initial : 1 290 730,,NC,,
NissanSkylineGt-r,,NC,,
Alfa romeoGiulia gtJunior zprix initial : 355,,53 542 €,,
LanciaFulvia1.2prix initial : 212,,37 668 €,,
FordMustang,,41 488 €,,
LanciaDeltaS4,,NC,,
LamborghiniHuracanV10 5.2,,220 465 €,,
Aston martinVantage roadsterV12 5.9,,440 930 €,,
Porsche911 964Carrera rs,,NC,,
FerrariF430Novitec,,116 532 €,,
MitsubishiLancer evolutionRS,,NC,,
NissanSkylineGt-r,,NC,,
FerrariF50,,NC,,
Aston martinV8 volanteVantage,,228 654 €,,
MaseratiMc20,,176 372 €,,
LamborghiniAventadorSvV12 6.5,,650 000 €,,
LamborghiniHuracanV10 5.2STO,,330 000 €,,
Ferrari512bb,,NC,,
LamborghiniDiabloSvV12 5.7prix initial : 179 521,,175 112 €,,
MaseratiGhibli2.8,,37 038 €,,
Alfa romeoGiuliaSUPER,,33 000 €,,
Alfa romeoGiulia gtVeloce1.8VELOCE,,44 000 €, 22.09.2023 JAPONDétail,ESSENCE-1971--DEVIS ASSURANCEVENDEZ
Alfa romeoGiulia gtJunior2.0,,35 904 €,,
Ferrari296GtbV6 3.0,,340 146 €,,
LexusLfa,,NC,,
Ferrari550Maranello,,NC,,
MercedesClasse slsSls 63 amgFINAL EDITION,,NC,,
NissanGt-r,,NC,,
NissanSkylineGt-r,,NC,,
NissanGt-rNismo,,NC,,
NissanSkylineGt-r,,NC,,
NissanSkylineGt-r,,NC,,
NissanGt-rPREMIUM EDITION,,NC,,
NissanGt-rPREMIUM EDITION,,NC,,
NissanGt-rNismo,,NC,,
NissanGt-rNismo,,NC,,
NissanGt-r,,NC,,
MercedesClasse slsSls 63 amgBLACK SERIES,,566 910 €,,
Rolls royceSilver shadow,,NC,,
BentleyArnageV8 6.75,,NC,,
BentleyMulsanneV8 6.75MULLINER,,NC,,
Rolls royceCorniche,,NC,,
MercedesClasse s300 se,,NC,,
DaimlerDouble six,,NC,,
BentleyBrooklandsV8 6.75,,NC,,
BentleyTurbo r,,NC,,
Porsche911 964Carrera 2,,NC, 10.11.2023 JAPONDétail,ESSENCE75 000 Km1993AUTOMATIQUE-DEVIS ASSURANCEVENDEZ
LexusLfa,,NC,,
Porsche911 964Carrera 2,,NC,,
LamborghiniDiabloGtV12 6.0,,NC,,
Porsche911 964Carrera rs,,NC,,
Porsche911 996Gt33.6,,NC,,
LanciaDeltaIntegrale2.0,,NC,,
NissanSkyline,,79 367 €,,
LamborghiniHuracanV10 5.2,,409 435 €,,
Mc larenP1V8 3.8,,2 642 351 €,,
HondaIntegraType r,,31 019 €,,
Mc larenElva,,NC,,
Alfa romeo8c spider,,NC,,
Ferrari550Barchetta,,425 074 €,,
LamborghiniCentenario,,NC,,
Mc larenSennaV8 4.0prix initial : 1 751 705,,1 672 417 €,,
NissanSkylineGt-r,,NC,,
Aston martinV12 speedsterV12 5.2,,NC,,
MazdaMx5,,34 465 €,,
Ferrari360 modena,,NC,,
Ferrari575Superamerica,,NC,,
MercedesAmg gtRV8 4.0BLACK SERIES,,NC,,
Porsche918 spyder,,NC,,
PorscheCarrera gt,,NC,,
Mc laren675ltV8 3.8,,264 235 €,,
Ferrari575Maranello,,275 724 €, 29.10.2022 CHINEDétail,ESSENCE42 969 Km2004MANUELLE-DEVIS ASSURANCEVENDEZ
LanciaFulvia1.6,,60 889 €,,
Ferrari599Gtbprix initial : 99 720,,80 190 €,,
MonoBac2.5,,141 308 €,,
FerrariLaferrari,,3 618 871 €,,
Alfa romeo8cV8 4.7,,284 914 €,,
Rolls royceSilver spurprix initial : 29 295,,26 998 €,,
FerrariF12 tdf,,NC,,
BmwSerie 3 coupeM3 gts,,229 770 €,,
HondaNsxV6 3.2,,NC,,
Ferrari330,,419 330 €,,
Toyota2000gt,,1 180 096 €,,
Ferrari488 pista spider,,NC,,
SubaruImprezaWrx sti,,67 782 €,,
Aston martinVantageGt8,,227 472 €,,
Ferrari488 pista,,342 357 €,,
Aston martinOne-77V12 7.3,,NC,,
Lotus3-eleven,,103 396 €,,
Ferrari296GtbV6 3.0,,286 982 €,,
JaguarXjc5.3,,NC,,
Alfa romeoSpider duetto,,NC,,
Alfa romeoGiulia gtVeloce2.0VELOCE,,NC,,
MercedesClasse sl190 sl,,NC,,
Porsche911 964Turbo3.6,,NC,,
FordMustangFastback,,NC,,
JaguarMark 23.8,,NC, 07.09.2023 CHINEDétail,--1961--DEVIS ASSURANCEVENDEZ
JaguarXj125.3,,NC,,
JaguarType e3.8,,NC,,
Porsche911 cabriolet 993Carrera 2,,NC,,
MercedesClasse slk,,NC,,
MercedesClasse sl280 sl,,NC,,
Ferrari488 spider70TH ANNIVERSARY,,NC,,
Ferrari250Gte,,NC,,
Land roverDefenderAWD,,NC,,
Porsche911,,NC,,
MitsubishiGalant,,NC,,
Bmw3.0,,NC,,
Porsche918 spyderWeissach edition,,NC,,
NissanSkylineGt-r,,NC,,
Mc larenSennaV8 4.0,,NC,,
Rolls royceGhostBLACK BADGE,,NC,,
Ferrari575Superamerica,,NC,,
DodgeViperRt 10,,NC,,
Ferrari488 pista,,330 868 €,,
ToyotaFj cruiser,,20 283 €,,
ChevroletTahoe,,57 161 €,,
FordF350,,18 439 €,,
LexusNx 200tFWD,,25 815 €,,
HyundaiElantraLIMITEDprix initial : 8 758,,6 915 €,,
HyundaiKonaLIMITED,,24 892 €,,
Porsche911prix initial : 146 486,,141 058 €, 02.09.2023 ETATS-UNISDétail,ESSENCE15 434 Km2017AUTOMATIQUE96801DEVIS ASSURANCEVENDEZ
AcuraTsxSPORTprix initial : 12 907,,12 446 €,,
Toyota4runner,,57 622 €,,
ToyotaVenza2.7LIMITED EDITION,,11 893 €,,
NissanQuestV6 3.5SV,,7 283 €,,
NissanMuranoV6 3.5SVprix initial : 10 602,,9 957 €,,
Chrysler300cS,,9 215 €,,
NissanVersa,,5 527 €,,
LexusEs 350,,9 680 €,,
NissanAltima2.5S,,5 527 €,,
DodgeGrand caravanV6 3.6,,12 903 €,,
ToyotaCamry,,6 269 €,,
ToyotaTacoma,,53 012 €,,
FordF150,,42 410 €,,
ToyotaTundra,,34 573 €,,
FordEscape,,16 595 €,,
FordEscape,,19 361 €,,
JeepRenegade,,18 439 €,,
NissanNv200,,18 439 €,,
FordF150,,32 264 €,,
GmcTerrainprix initial : 30 424,,27 198 €,,
DodgeDurangoprix initial : 5 992,,5 347 €,,
MazdaCx-7,,3 683 €,,
ToyotaCamry,,4 236 €,,
VolkswagenCcR LINE,,NC,,
JeepGladiatorprix initial : 36 878,,34 573 €, 21.10.2023 ETATS-UNISDétail,ESSENCE23 973 Km2021AUTOMATIQUE96820DEVIS ASSURANCEVENDEZ
LexusIs 300,,33 651 €,,
ChevroletCruze1.4LT,,5 993 €,,
JeepWrangler4X4prix initial : 11 984,,11 062 €,,
ScionXb,,6 449 €,,
FordFiesta,,7 371 €,,
DodgeCharger,,7 371 €,,
ToyotaSienna,,28 442 €,,
SubaruBrz,,29 963 €,,
Toyota4runnerprix initial : 30 424,,29 963 €,,
ToyotaSienna,,29 963 €,,
ToyotaTacoma,,48 402 €,,
FordTransitWagonprix initial : 46 097,,43 793 €,,
GmcSierra 1500Crew cab,,53 934 €,,
JeepCompass,,19 361 €,,
AudiA42.0PREMIUM EDITIONQUATTRO,,19 269 €,,
JeepWranglerUnlimited,,21 666 €,,
HondaOdyssey,,17 056 €,,
ChevroletCamaroRsV6 3.6LT,,15 212 €,,
AudiA62.0PREMIUM EDITION,,17 978 €,,
FordMustang cabriolet,,18 439 €,,
MiniMiniJohn cooper works,,23 971 €,,
JeepWranglerUnlimited,,25 354 €,,
VolkswagenJetta,,8 293 €,,
ToyotaPrius,,11 981 €,,
BmwSerie 3328,,11 059 €, 22.10.2023 ETATS-UNISDétail,ESSENCE144 828 Km2015AUTOMATIQUE96898DEVIS ASSURANCEVENDEZ
ToyotaTacomaprix initial : 36 878,,33 651 €,,
ChevroletTrax,,15 212 €,,
JeepWrangler,,18 439 €,,
FordEdge,,18 439 €,,
VolkswagenEos,,18 439 €,,
MazdaMx5,,21 666 €,,
GmcCanyon,,27 198 €,,
ToyotaCorollaLIMITED EDITION,,10 137 €,,
MercedesClasse clkClk 350,,12 446 €,,
MiniCountrymanCooper,,17 512 €,,
BuickLacrossePREMIUM,,15 672 €,,
AcuraTlV6 3.2,,4 610 €,,
JeepGrand cherokee,,30 885 €,,
ToyotaTacoma,,43 793 €,,
Toyota4runner,,53 934 €,,
Toyota4runner,,59 927 €,,
BmwSerie 33283.0,,8 205 €,,
LexusIs 2502.5,,9 127 €,,
JeepCherokeeLATITUDE,,9 957 €,,
VolkswagenPassatV6 2.5,,9 220 €,,
ToyotaPrius c,,11 059 €,,
ChevroletCruzeECO,,6 449 €,,
NissanAltima2.5,,7 375 €,,
MazdaCx-5,,25 354 €,,
HondaCr-v,,27 659 €, 24.10.2023 ETATS-UNISDétail,ESSENCE76 481 Km2019AUTOMATIQUE96820DEVIS ASSURANCEVENDEZ
DodgeChallenger,,27 659 €,,
ChryslerPacifica,,27 659 €,,
HondaAccord,,24 432 €,,
MercedesClasse cC 3004MATIC,,18 255 €,,
ToyotaRav4,,20 283 €,,
HyundaiSanta fe2.2,,16 134 €,,
ToyotaRav4LIMITED EDITION,,19 356 €,,
FordFocus,,18 439 €,,
DodgeJourney,,14 751 €,,
ChevroletColoradoV6 3.6,,16 590 €,,
MercedesClasse eE 550V8 5.0,,15 669 €,,
HondaOdysseyV6 3.5EX,,14 747 €,,
ToyotaRav4LIMITED EDITION,,15 489 €,,
MercedesClasse claCla 250,,22 127 €,,
FordFiesta1.6,,8 293 €,,
MercedesClasse mMl 350,,10 137 €,,
HondaCivic1.8,,6 449 €,,
CadillacAts2.0,,12 906 €,,
NissanFrontierV6 4.0SV,,13 825 €,,
ToyotaChaser,,12 446 €,,
HondaAccordEX,,11 985 €,,
LexusRx 350,,32 268 €,,
ChevroletColoradoZ71,,29 502 €,,
SubaruImprezaWrx,,32 268 €,,
InfinitiQx50,,29 041 €, 26.10.2023 ETATS-UNISDétail,ESSENCE19 475 Km2021AUTOMATIQUE96820DEVIS ASSURANCEVENDEZ
DodgeJourney,,18 439 €,,
DodgeCharger,,21 666 €,,
Ram trucksRam 1500Crew cab,,26 276 €,,
ToyotaTacomaprix initial : 13 829,,11 985 €,,
Fiat500POP,,5 532 €,,
ToyotaCamrySE,,8 021 €,,
KiaOptimaEX,,9 558 €,,
AudiQ3,,31 346 €,,
ToyotaTacoma,,29 963 €,,
ChevroletSilverado 1500,,32 268 €,,
ToyotaTacomaV6 3.5TRD SPORT,,32 264 €,,
ToyotaTacoma,,39 183 €,,
NissanVersa note,,11 524 €,,
MiniCountrymanCooper,,8 293 €,,
GmcSierra 1500Denaliprix initial : 24 892,,23 049 €,,
JaguarXjPORTFOLIORWD,,18 441 €,,
HondaHr-v,,18 439 €,,
NissanAltima2.5S,,19 258 €,,
HondaCivicEX,,13 644 €,,
ToyotaTacomaV6 4.0,,10 137 €,,
HyundaiSonata,,10 141 €,,
FordMustangGt,,42 410 €,,
Toyota4runner,,43 793 €,,
FordF250,,46 098 €,,
VolkswagenCc,,NC, 28.10.2023 ETATS-UNISDétail,ESSENCE257 495 Km2012AUTOMATIQUE96854DEVIS ASSURANCEVENDEZ
BmwX54.6isponsorisée,,NC,,
Toyota4runnerV6 4.0,,17 512 €,,
VolvoXc90T6,,18 439 €,,
BmwSerie 7prix initial : 72 834,,63 615 €,,
FordTransitWagon,,26 276 €,,
ToyotaCamry,,27 659 €,,
NissanRogue,,23 971 €,,
NissanFrontier,,27 659 €,,
TeslaModel s70d,,25 354 €,,
ChevroletExpress2500,,27 659 €,,
JeepWrangler,,29 963 €,,
ToyotaTacoma,,36 878 €,,
ToyotaSiennaV6 3.3LIMITED EDITION,,4 518 €,,
SubaruAscentLIMITED,,30 332 €,,
BmwSerie 5528,,8 298 €,,
KiaBorregoV6 3.8EX,,7 837 €,,
FordEdgeV6 3.5SE,,9 220 €,,
HondaCr-v2.0EX,,9 127 €,,
FordFlexLIMITED,,12 723 €,,
ToyotaTacoma,,42 917 €,,
FordF150Super crewV6 3.5XLT,,15 212 €,,
ToyotaCamryV6 3.5LIMITED EDITION,,18 255 €,,
InfinitiQ50V6 3.0PREMIUM,,20 744 €,,
JeepCompass,,19 361 €,,
HyundaiAccentSE,,16 590 €,,
MitsubishiOutlanderES SPORT,,6 915 €,,
BmwX54.6isponsorisée,,NC, 11.11.2023 PAYS-BASDétail,ESSENCE119 000 Km2004AUTOMATIQUE7693DEVIS ASSURANCEVENDEZ
FordF150,,16 503 €,,
SubaruImpreza2.0SPORT,,18 439 €,,
LexusLs 430,,5 071 €,,
Mazda5prix initial : 11 062,,10 602 €,,
VolkswagenTiguan,,4 886 €,,
KiaForteEX,,10 804 €,,
AcuraTlV6 3.5TECH,,9 215 €,,
NissanMaximaV6 3.5SL,,23 966 €,,
SubaruImpreza2.0PREMIUM,,14 290 €,,
LexusEs 350V6 3.5LUXURY,,15 212 €,,
LexusCt 200h1.8,,17 978 €,,
ToyotaCorollaE80 ae86SR5,,32 268 €,,
ToyotaTacomaV6 3.5TRD SPORT,,31 342 €,,
ToyotaTacoma,,10 787 €,,
SmartFortwo1.0PASSION,,8 759 €,,
PontiacG6GT,,5 988 €,,
FordMustangSaleen s281V8 4.6,,20 283 €,,
FordTaurusSE,,18 029 €,,
KiaForteLX,,14 136 €,,
ToyotaRav4LIMITED EDITION,,18 434 €,,
MiniClubmanCooper1.6,,7 283 €,,
NissanVersa1.6,,7 371 €,,
MercedesClasse eE 350V6 3.5,,11 981 €,,
Toyota4runnerV6 3.4,,9 215 €,,
BmwX535i3.0,,8 759 €, 02.11.2023 ETATS-UNISDétail,ESSENCE238 289 Km2012AUTOMATIQUE96898DEVIS ASSURANCEVENDEZ
BmwX3Xdrive 28i2.0,,10 049 €,,
LexusIs 300,,7 837 €,,
DodgeDurangoV6 3.6,,7 007 €,,
SubaruImprezaWrxprix initial : 13 829,,12 539 €,,
BmwSerie 3M33.0,,68 962 €,,
ToyotaTacoma,,25 354 €,,
JeepCherokee,,24 432 €,,
HondaCivic,,26 276 €,,
AudiQ5,,23 510 €,,
ToyotaPrius,,25 354 €,,
JeepCherokee,,26 737 €,,
CorvetteC3,,27 659 €,,
JeepGrand cherokeeV6 3.6,,17 512 €,,
ToyotaCorollaLIMITED EDITION,,20 282 €,,
Toyota4runner,,29 963 €,,
SubaruForester,,10 602 €,,
LexusEs 350,,7 191 €,,
HondaCivicLX,,9 220 €,,
ToyotaTacoma,,41 488 €,,
Ram trucksRam 2500TRADESMAN,,40 105 €,,
ToyotaTacoma,,16 503 €,,
FordF150Extended cabV8 4.6FX2,,12 446 €,,
FordExplorer,,34 573 €,,
FordExcursionXLT,,12 814 €,,
FordRanger,,6 915 €, 03.11.2023 ETATS-UNISDétail,ESSENCE247 839 Km2011AUTOMATIQUE96854DEVIS ASSURANCEVENDEZ
AudiA42.0PREMIUM EDITIONQUATTRO,,11 893 €,,
LexusEs 350V6 3.5,,7 837 €,,
MiniCoupeCooper s,,8 293 €,,
SubaruCrosstrek2.0,,13 825 €,,
FordCargo,,12 906 €,,
HyundaiSanta fe2.2,,8 759 €,,
VolkswagenJetta,,11 524 €,,
LexusCt 200h,,12 815 €,,
NissanSentraSR,,15 865 €,,
VolkswagenGolfGti,,23 049 €,,
LexusNx 300h,,27 659 €,,
DodgeDurango,,26 276 €,,
Ram trucksRam 1500TRADESMAN,,78 366 €,,
HyundaiElantra,,4 518 €,,
HondaOdyssey,,4 518 €,,
LexusEs 300,,2 213 €,,
ToyotaSupra3.0,,55 225 €,,
HondaCivicType r,,46 098 €,,
ToyotaSiennaV6 3.5SE,,13 368 €,,
ToyotaSiennaV6 3.5L,,10 049 €,,
ToyotaStarlet1.3,,12 815 €,,
ToyotaTown ace,,9 127 €,,
ToyotaDynaS,,13 368 €,,
VolkswagenBeetle1.6,,13 368 €,,
MiniMiniCooper1.5,,10 602 €, 04.11.2023 ETATS-UNISDétail,ESSENCE98 094 Km2015AUTOMATIQUE96898DEVIS ASSURANCEVENDEZ
NissanPathfinder,,23 049 €,,
DodgeCharger,,15 363 €,,
ToyotaDyna,,15 212 €,,
ToyotaCorolla,,23 049 €,,
HyundaiElantra,,16 826 €,,
SubaruForester,,16 595 €,,
AudiA5 sportback,,28 580 €,,
JeepGrand cherokee,,32 268 €,,
FordF150Super crewXLTprix initial : 24 888,,23 966 €,,
Ram trucksRam 1500Crew cabEXPRESS,,26 736 €,,
HondaOdysseyV6 3.5,,27 566 €,,
LexusEs 350,,8 205 €,,
DodgeCharger,,50 707 €,,
ToyotaCamry2.5,,13 825 €,,
MercedesClasse cC 250,,8 293 €,,
BmwX1Xdrive 28i2.0,,10 879 €,,
ToyotaCorollaS,,8 293 €,,
AcuraTsx,,7 371 €,,
NissanMurano,,5 988 €,,
VolkswagenGolfGti,,7 376 €,,
NissanFrontier,,7 837 €,,
ToyotaCorolla,,5 440 €,,
AbarthFiat 500,,11 524 €,,
NissanSentra,,14 751 €,,
FordEscape,,18 439 €, 05.11.2023 ETATS-UNISDétail,ESSENCE51 394 Km2020AUTOMATIQUE96820DEVIS ASSURANCEVENDEZ
ChevroletEquinox,,18 439 €,,
ToyotaSienna,,15 212 €,,
VolkswagenJetta,,17 287 €,,
AcuraTsx,,8 205 €,,
FordMustang cabriolet,,24 893 €,,
FordEdge,,26 737 €,,
JeepWranglerprix initial : 16 595,,15 212 €,,
ChevroletSuburbanV8 5.7,,4 610 €,,
DodgeGrand caravan,,4 149 €,,
Land roverDiscoverySEAWD,,26 737 €,,
BmwSerie 1135,,6 915 €,,
ToyotaPrius,,11 059 €,,
HyundaiAccentprix initial : 6 914,,6 361 €,,
Toyota4runner,,32 268 €,,
ToyotaTacoma,,36 878 €,,
Toyota4runner,,36 878 €,,
FordTransitVan,,45 176 €,,
NissanMaximaV6 3.5SL,,23 044 €,,
FordF150Super crewXLT,,23 044 €,,
ChevroletSilverado 1500Crew cab,,18 439 €,,
KiaK5,,25 815 €,,
FordEdgeSEL,,13 825 €,,
MitsubishiLancerES SPORT,,7 375 €,,
LexusSc 430V8 4.3,,11 059 €,,
JeepWrangler,,11 063 €, 07.11.2023 ETATS-UNISDétail,ESSENCE122 310 Km2004MANUELLE96854DEVIS ASSURANCEVENDEZ
FordExpedition,,4 518 €,,
LexusEs 350,,5 808 €,,
ChevroletColorado,,8 205 €,,
Mazda3,,4 425 €,,
ToyotaHighlander,,4 518 €,,
ToyotaSolara,,4 605 €,,
ToyotaRav4,,8 293 €,,
NissanVersaSV,,13 825 €,,
JeepCherokeeLATITUDE,,10 137 €,,
HondaCivicLX,,7 371 €,,
FordEdge2.0,,6 269 €,,
ToyotaCorollaS,,13 825 €,,
ToyotaCorollaLIMITED EDITION,,10 137 €,,
ToyotaCorollaLIMITED EDITION,,6 449 €,,
HondaCivicEX L,,23 937 €,,
ToyotaTacomaV6 3.5TRD SPORTprix initial : 31 341,,30 420 €,,
FordTransit custom,,75 995 €,,
GmcSierra 3500prix initial : 68 685,,64 398 €,,
AudiQ3Rs q32.5PREMIUM EDITION,,17 512 €,,
Toyota4runnerV6 3.0SR5,,16 411 €,,
FordF250,,34 573 €,,
InfinitiI35prix initial : 2 673,,2 397 €,,
Toyota4runner,,18 439 €,,
Land roverDiscovery sportSi42.0SEAWD,,17 056 €,,
ChevroletSilverado 1500V8 5.3LT,,18 347 €, 09.11.2023 ETATS-UNISDétail,ESSENCE137 148 Km2012AUTOMATIQUE96898DEVIS ASSURANCEVENDEZ
HondaCivic,,16 134 €,,
ToyotaTacomaV6 4.0,,21 942 €,,
ToyotaTacoma,,17 512 €,,
ScionFr-s,,20 278 €,,
ToyotaFj cruiser,,20 278 €,,
HondaOdysseyTOURING,,20 278 €,,
ChevroletSilverado 1500,,27 659 €,,
AcuraRdxSPORT,,12 903 €,,
LexusIs 250F SPORTAWD,,9 215 €,,
Fiat900SPORT,,10 049 €,,
ToyotaCorolla1.8S,,8 759 €,,
HondaAccord2.4SPORT,,11 893 €,,
SubaruForester2.5PREMIUM,,10 602 €,,
SuzukiCarry,,8 205 €,,
SuzukiCappuccino,,9 127 €,,
ChevroletEquinox,,6 822 €,,
ToyotaCorollaLIMITED EDITION,,11 059 €,,
LexusRx 350,,12 723 €,,
HondaAccordLX,,11 059 €,,
JeepCherokeeLATITUDE4X4,,11 981 €,,
Mazda3SPORT,,11 059 €,,
Fiat500lEASY,,9 215 €,,
VolkswagenJetta,,8 298 €,,
ToyotaTundraTRD PRO,,67 763 €,,
Ram trucksRam 1500TRADESMAN,,32 268 €, 09.11.2023 ETATS-UNISDétail,ESSENCE79 345 Km2018AUTOMATIQUE96820DEVIS ASSURANCEVENDEZ
ToyotaFj cruiser,,29 963 €,,
HondaCr-v,,29 041 €,,
FordBronco,,46 098 €,,
SubaruImprezaWrx,,39 183 €,,
Toyota4runner,,50 707 €,,
LexusEs 350V6 3.5,,6 361 €,,
ChevroletTahoeV8 5.3LT,,12 815 €,,
DodgeDakota,,7 283 €,,
BmwX1Xdrive 28i,,13 829 €,,
HondaCr-v,,13 368 €,,
DodgeGrand caravanV6 3.6,,11 981 €,,
HondaOdysseyV6 3.5EX,,13 825 €,,
LexusEs 350,,12 903 €,,
ToyotaTacomaTRD SPORT,,15 212 €,,
ToyotaFj cruiser,,15 212 €,,
KiaSoul1.6,,10 602 €,,
DodgeGrand caravan,,7 837 €,,
MiniCountrymanCooper,,16 590 €,,
Mazda3TOURING,,9 215 €,,
ToyotaRav4,,5 527 €,,
ToyotaCamryLIMITED EDITION,,6 449 €,,
JeepPatriotALTITUDE,,9 215 €,,
MiniCabrioCooper s,,7 371 €,,
NissanPathfinderSPORT,,10 137 €,,
AudiA3PREMIUM EDITION,,11 981 €, 10.11.2023 ETATS-UNISDétail,ESSENCE139 189 Km2015AUTOMATIQUE96898DEVIS ASSURANCEVENDEZ
ToyotaCorollaSE,,16 590 €,,
ChevroletS10V6 4.3prix initial : 4 886,,4 794 €,,
ToyotaTacoma,,36 878 €,,
FordF150,,24 432 €,,
LexusIs fV8 5.0,,46 093 €,,
LexusLs 430,,5 071 €,,
MercedesClasse glkGlk 350,,11 801 €,,
ChevroletTraverse,,7 007 €,,
LexusSc 400,,3 503 €,,
MazdaRx-71.3,,67 302 €,,
ToyotaPrius,,11 893 €,,
NissanRogue2.0SPORT,,13 368 €,,
MitsubishiPajero,,13 737 €,,
MitsubishiOutlander2.0ES SPORT,,9 680 €,,
MercedesClasse mMl 350,,11 524 €,,
HondaActy,,7 837 €,,
FordFusion1.5SE,,9 680 €,,
ToyotaCamryLIMITED EDITION,,9 215 €,,
HondaPilotSPORT,,11 059 €,,
HyundaiElantra,,13 829 €,,
NissanFrontierV6 4.0SV,,12 903 €,,
AcuraMdxSPORT,,12 903 €,,
FordEscapeSPORT,,10 137 €,,
ToyotaCorollaLIMITED EDITION,,7 371 €,,
NissanAltima2.5S,,6 449 €, 11.11.2023 ETATS-UNISDétail,ESSENCE149 617 Km2008AUTOMATIQUE96898DEVIS ASSURANCEVENDEZ
LexusRx 330F SPORT,,9 215 €,,
HyundaiElantra,,2 766 €,,
Mazda6,,3 872 €,,
HondaCivic,,13 368 €,,
MercedesClasse gG 320,,41 396 €,,
HondaCivic,,15 673 €,,
ToyotaPriusFOUR,,14 290 €,,
HondaPilotTOURING,,16 590 €,,
FordF150Super crewXLT,,21 200 €,,
ChevroletSilverado 1500Double cabLS,,23 044 €,,
ToyotaCorolla,,22 035 €,,
HondaCivic,,17 978 €,,
FordMustang,,27 659 €,,
FordF150,,25 354 €,,
FordF250V8 5.4XL,,5 532 €,,
HondaCivicType rTOURING,,39 639 €,,
LexusEs 300prix initial : 3 872,,3 227 €,,
MiniCabrioCooperprix initial : 25 814,,23 971 €,,
SaturnL100,,3 683 €,,
Toyota4runner,,27 659 €,,
PontiacFieroGT,,14 290 €,,
SubaruCrosstrek,,22 588 €,,
MercedesClasse glcGlc 300SPORT,,17 512 €,,
HondaFitEX L,,16 595 €,,
ToyotaSiennaV6 3.0SE,,15 212 €, 12.11.2023 ETATS-UNISDétail,ESSENCE198 501 Km2016AUTOMATIQUE96898DEVIS ASSURANCEVENDEZ
HummerH2,,18 434 €,,
ToyotaTacomaV6 3.5TRD SPORT,,30 240 €,,
MercedesClasse eE 350,,5 071 €,,
VolvoS60T6,,13 737 €,,
VolkswagenJetta2.5WOLFSBURG EDITION,,5 071 €,,
NissanRogueSPORT,,5 527 €,,
FordFusionV6 3.0SE,,10 026 €,,
SuzukiEvery,,5 993 €,,
ToyotaSequoiaV8 4.7LIMITED EDITION,,11 063 €,,
ToyotaHighlander,,11 059 €,,
HummerH3,,11 981 €,,
DodgeGrand caravan,,7 371 €,,
FordMustang,,6 449 €,,
ToyotaRav4,,5 527 €,,
HondaAccordLX,,5 527 €,,
ToyotaCorollaLIMITED EDITION,,12 907 €,,
HummerH3,,5 071 €,,
Ram trucksRam 1500V6 3.6,,23 971 €,,
ToyotaTacomaV6 3.5TRD OFF ROAD,,29 041 €,,
FordMustang,,32 268 €,,
ToyotaTacomaV6 3.5TRD OFF ROAD,,23 049 €,,
AudiQ5V6 3.0S LINEQUATTRO,,19 822 €,,
ToyotaSiennaLIMITED EDITION,,13 829 €,,
DodgeCharger,,5 716 €,,
HondaAccordSPORT,,15 673 €, 14.11.2023 ETATS-UNISDétail,ESSENCE97 365 Km2016AUTOMATIQUE96820DEVIS ASSURANCEVENDEZ
FordF150V6 3.5FX2,,14 751 €,,
DodgeChallengerRtV8 5.7,,14 751 €,,
ToyotaHighlanderLIMITED EDITION,,17 517 €,,
ToyotaTacoma,,20 744 €,,
MercedesClasse eE 350,,17 978 €,,
ToyotaTundraV8 5.7,,24 893 €,,
HondaCr-vEX,,25 354 €,,
JeepWranglerUnlimited,,26 276 €,,
ToyotaTundra,,6 454 €,,
MiniCountryman,,7 283 €,,
LexusSc 430V8 4.3,,10 137 €,,
NissanSentraSV,,8 759 €,,
VolvoXc90V6 3.2,,6 361 €,,
NissanRogueSV,,5 163 €,,
ToyotaHighlander,,5 440 €,,
NissanMurano,,5 440 €,,
ToyotaTacomaV6 3.5TRD SPORT,,28 119 €,,
SuzukiCarry,,6 454 €,,
HondaAccordEX L,,5 071 €,,
InfinitiM37V6 3.7,,6 361 €,,
KiaTelluride,,32 268 €,,
ToyotaTacoma,,32 268 €,,
LexusEs 350,,13 368 €,,
LexusEs 330,,5 440 €,,
MercedesClasse clkClk 350prix initial : 12 446,,11 709 €, 14.11.2023 ETATS-UNISDétail,ESSENCE51 660 Km2007AUTOMATIQUE96820DEVIS ASSURANCEVENDEZ
NissanAltima,,2 489 €,,
SaturnVue,,3 227 €,,
Land roverLr2HSE,,4 609 €,,
FordFiestaTITANIUM,,5 163 €,,
ToyotaHighlanderLIMITED EDITION,,5 440 €,,
KiaSorentoSPORT,,11 059 €,,
ScionTc,,9 220 €,,
FordMustangGtV8 4.6GT PREMIUM,,6 269 €,,
FordExplorerV6 3.5SPORT,,11 524 €,,
ToyotaTacoma,,13 829 €,,
HondaCr-vEX L,,13 368 €,,
Mazda3TOURING,,8 759 €,,
MercedesClasse slSl 500,,13 737 €,,
HyundaiSonata,,10 602 €,,
BmwSerie 3328,,6 269 €,,
HyundaiAccent,,5 440 €,,
BmwSerie 3328,,5 808 €,,
ToyotaCorolla,,5 440 €,,
AcuraIlx,,8 205 €,,
ChevroletSonicLS,,7 371 €,,
ToyotaRav4,,11 059 €,,
ToyotaPriusTHREE,,13 825 €,,
ToyotaRav4,,8 293 €,,
BmwSerie 3330,,17 516 €,,
GmcSierra 1500V8 5.3SLT,,23 049 €, 15.11.2023 ETATS-UNISDétail,ESSENCE166 567 Km2015AUTOMATIQUE96820DEVIS ASSURANCEVENDEZ
ToyotaTacomaV6 3.5TRD SPORT,,23 049 €,,
ToyotaSiennaSE,,16 590 €,,
HondaOdysseyEX,,14 747 €,,
AcuraRlx,,15 669 €,,
BmwSerie 3330e,,16 590 €,,
BmwX635iM SPORT,,24 888 €,,
Mazda5,,10 141 €,,
ChevroletAveoLT,,3 227 €,,
CadillacSeville,,3 411 €,,
ChevroletImpalaLTZ,,6 915 €,,
ToyotaSiennaLIMITED EDITION,,5 527 €,,
DodgeJourney,,5 993 €,,
ToyotaCamrySE,,12 903 €,,
ToyotaCamrySE,,11 059 €,,
Land roverRange roverV8 5.0HSE,,9 220 €,,
HondaActy,,9 220 €,,
ToyotaCamryLIMITED EDITION,,7 283 €,,
HondaCr-vSPORT,,11 981 €,,
VolkswagenPassat1.8S,,13 825 €,,
ToyotaRav4LIMITED EDITION,,7 371 €,,
ToyotaCorollaS,,10 137 €,,
ScionXd,,6 269 €,,
ToyotaCamryUP,,6 915 €,,
NissanAltima,,11 063 €,,
BmwX535i,,6 638 €, 16.11.2023 ETATS-UNISDétail,ESSENCE136 794 Km2012AUTOMATIQUE96820DEVIS ASSURANCEVENDEZ
VolkswagenPassatS,,6 915 €,,
ToyotaPrius+,,19 361 €,,
NissanFrontier,,17 517 €,,
Mazda3,,17 978 €,,
Ram trucksRam 1500V6 3.6,,14 751 €,,
ToyotaTacomaV6 3.5TRD SPORT,,23 049 €,,
MazdaMx5,,21 666 €,,
ToyotaPrius cONE,,15 669 €,,
AudiA3S3PREMIUM EDITION,,22 122 €,,
ToyotaCamryLIMITED EDITION,,14 747 €,,
DodgeChargerR/t,,20 278 €,,
JeepWranglerUnlimited,,17 056 €,,
NissanRogue,,23 049 €,,
ChevroletTraverse,,27 659 €,,
MercedesClasse glcGlc 300,,27 659 €,,
Land roverRange rover sportHSE,,25 810 €,,
ToyotaTacoma,,30 885 €,,
ToyotaTacomaV6 3.5TRD SPORT,,28 580 €,,
LexusEs 330,,3 319 €,,
ToyotaSupra,,50 707 €,,
AudiQ5Sq5V6 3.0,,41 488 €,,
DodgeCharger,,3 688 €,,
Mazda3,,4 241 €,,
BmwSerie 5550,,3 503 €,,
ChevroletMalibu,,3 872 €, 16.11.2023 ETATS-UNISDétail,ESSENCE204 387 Km2011AUTOMATIQUE96820DEVIS ASSURANCEVENDEZ
FordF350,,62 232 €,,
NissanAltima,,7 283 €,,
ScionXb,,5 163 €,,
LexusNx 300h,,27 659 €,,
ToyotaTacomaTRD SPORT,,27 654 €,,
ToyotaTacomaV6 3.5TRD SPORT,,25 815 €,,
ToyotaTacomaV6 3.5TRD OFF ROAD,,26 737 €,,
LexusRx 350,,23 971 €,,
ToyotaCamryLIMITED EDITION,,4 605 €,,
OldsmobileIntrigueV6 3.5,,1 383 €,,
NissanVersa,,3 596 €,,
InfinitiG35,,4 610 €,,
ChevroletMalibu,,4 886 €,,
LexusIs 250,,10 137 €,,
DodgeGrand caravanV6 3.6prix initial : 11 980,,11 059 €,,
Toyota4runnerV6 3.0,,7 560 €,,
Mazda3Skyactiv g,,10 141 €,,
Mazda3,,7 837 €,,
FordF450,,9 220 €,,
ToyotaYaris,,5 440 €,,
ToyotaCorollaXRS,,4 886 €,,
HondaCr-vSPORT,,6 449 €,,
NissanPathfinderS,,9 215 €,,
LexusIs 350F SPORT,,10 137 €,,
ToyotaPriusTHREE,,11 981 €, 17.11.2023 ETATS-UNISDétail,HYBRIDE194 277 Km2015AUTOMATIQUE96898DEVIS ASSURANCEVENDEZ
ToyotaRav4LIMITED EDITION,,13 825 €,,
ToyotaHighlander,,10 137 €,,
FordExplorerSPORT,,11 981 €,,
ToyotaCamryLIMITED EDITION,,8 293 €,,
VolkswagenGolfGti,,17 056 €,,
HondaCivic,,19 361 €,,
ToyotaSiennaSE,,14 751 €,,
LexusRx 350F SPORT,,20 278 €,,
MercedesClasse mMl 350,,14 747 €,,
FordMustang cabrioletGT PREMIUM,,15 669 €,,
FordMustang cabriolet,,27 659 €,,
ToyotaCorolla2.0SE,,23 510 €,,
GmcCanyonV6 3.6SLE,,23 510 €,,
FordRanger,,4 149 €,,
NissanVersa,,4 518 €,,
ToyotaCorollaLIMITED EDITION,,3 503 €,,
ToyotaHighlander,,4 610 €,,
Mazda5,,4 149 €,,
BmwSerie 3325,,3 227 €,,
HyundaiElantra,,16 595 €,,
SubaruCrosstrek2.0PREMIUM,,14 290 €,,
ToyotaAristo,,21 666 €,,
ToyotaCrown majesta,,14 659 €,,
ToyotaHiace,,14 659 €,,
ToyotaPrado,,16 134 €, 18.11.2023 ETATS-UNISDétail,DIESEL196 068 Km1996AUTOMATIQUE96898DEVIS ASSURANCEVENDEZ
ToyotaTacomaV6 4.0,,21 205 €,,
NissanMuranoSV,,17 517 €,,
ToyotaCorollaSE,,16 595 €,,
LexusGx 470,,15 212 €,,
ToyotaSiennaSE,,22 122 €,,
MercedesClasse clsCls 550,,22 122 €,,
JeepWranglerUnlimitedSAHARA,,16 134 €,,
ToyotaPrado,,32 176 €,,
ToyotaTacomaV6 3.5TRD SPORT,,34 112 €,,
ToyotaTacoma,,20 744 €,,
VolkswagenTransporter,,73 756 €,,
NissanCargo,,10 971 €,,
SubaruSambar0.7,,12 446 €,,
SuzukiSx42.0,,8 205 €,,
ToyotaCrown,,11 893 €,,
ToyotaCrown,,13 368 €,,
ToyotaDyna,,11 893 €,,
ToyotaEstima,,10 049 €,,
ToyotaEstima,,10 049 €,,
ToyotaEstima,,8 205 €,,
ToyotaHiace2.0,,13 737 €,,
ToyotaLite ace,,10 049 €,,
MazdaCx-5TOURING,,10 602 €,,
ToyotaPrius+1.8,,10 971 €,,
ToyotaSequoiaV8 4.7SR5,,9 680 €, 18.11.2023 ETATS-UNISDétail,ESSENCE191 047 Km2007AUTOMATIQUE96898DEVIS ASSURANCEVENDEZ
NissanJukeSPORT,,8 293 €,,
BmwSerie 5535,,6 361 €,,
ToyotaCamryLIMITED EDITION,,12 815 €,,
LexusRx 350,,11 801 €,,
ToyotaRav4LIMITED EDITION,,12 903 €,,
HondaCr-vEX,,10 326 €,,
HondaAccordEX L,,13 825 €,,
ChevroletCruze,,11 524 €,,
SubaruLegacyLIMITED,,12 886 €,,
HondaAccordLX,,6 915 €,,
HyundaiSonataSE,,10 137 €,,
InfinitiG37JOURNEY,,11 059 €,,
HondaCivicLX,,10 137 €,,
NissanRogueSPORT,,9 215 €,,
ScionTc,,9 215 €,,
ToyotaCamryLIMITED EDITION,,10 137 €,,
FordMustangGtGT,,11 981 €,,
MercedesClasse sS 550,,11 981 €,,
ToyotaHighlanderLIMITED EDITION,,6 361 €,,
HondaCivic,,7 837 €,,
SubaruLegacyLIMITED,,13 368 €,,
HyundaiSonataSE,,10 602 €,,
HondaCivicLX,,11 524 €,,
ChevroletAvalancheLT,,7 560 €,,
HyundaiGenesisLUXURY,,5 440 €, 18.11.2023 ETATS-UNISDétail,ESSENCE193 121 Km2012AUTOMATIQUE96820DEVIS ASSURANCEVENDEZ
HondaCr-v,,2 950 €,,
NissanAltima,,3 042 €,,
FordFocusSE,,2 397 €,,
MercedesClasse glsGls 63,,64 444 €,,
InfinitiM37,,9 127 €,,
NissanArmadaV8 5.6SE,,7 283 €,,
NissanCube1.8S,,6 361 €,,
MercedesClasse glkGlk 350,,11 524 €,,
HondaCivic2.0SI,,13 737 €,,
HondaCivic1.8LX,,10 049 €,,
HondaAccord2.4LX,,10 602 €,,
FordFusion1.5SE,,9 680 €,,
DodgeRam 1500V8 5.7,,8 205 €,,
HondaCr-vSPORT,,11 059 €,,
ToyotaCorollaS,,9 215 €,,
HondaCr-vEX L,,6 361 €,,
VolkswagenGolfGti2.0,,11 059 €,,
HondaPilotEX L,,5 066 €,,
NissanAltima,,6 361 €,,
ToyotaCorolla1.8LIMITED EDITION,,10 602 €,,
MercedesClasse cC 350,,6 915 €,,
CadillacEscaladeSPORT,,6 449 €,,
HondaAccordLX,,9 215 €,,
ToyotaSiennaLIMITED EDITION,,13 825 €,,
FordFiesta,,8 205 €, 19.11.2023 ETATS-UNISDétail,ESSENCE74 889 Km2014AUTOMATIQUE96844DEVIS ASSURANCEVENDEZ
ChevroletColoradoLT,,27 659 €,,
ToyotaTacomaV6 3.5TRD SPORT,,26 737 €,,
Toyota4runner,,26 276 €,,
GmcSierra 1500Crew cabV8 6.2SLT,,25 722 €,,
PorschePanameraGts,,52 547 €,,
NissanFrontier,,27 659 €,,
Land roverRange roverV8 5.0AWD,,32 729 €,,
LexusRcfV8 5.0F SPORT,,34 108 €,,
MazdaCx-5TOURING,,18 439 €,,
ToyotaTacoma,,21 205 €,,
ToyotaTundraV8 4.6SR5,,19 361 €,,
HondaCivicEX,,17 056 €,,
FordF150Super crewV8 5.0FX2,,16 503 €,,
ChevroletAstro,,14 659 €,,
AcuraRdx,,16 134 €,,
ToyotaCorolla,,15 581 €,,
FordMustang cabriolet,,22 127 €,,
FordF150Super crewXLT,,16 590 €,,
TeslaModel s,,22 122 €,,
Toyota4runnerSR5,,20 278 €,,
NissanKicksSR,,19 361 €,,
LotusEuropa,,32 268 €,,
JeepWranglerUnlimited,,29 963 €,,
ToyotaTundraSR5,,32 264 €,,
LexusGx 460F SPORT,,32 264 €, 19.11.2023 ETATS-UNISDétail,ESSENCE104 607 Km2015AUTOMATIQUE96898DEVIS ASSURANCEVENDEZ
ToyotaTacomaV6 3.5TRD SPORT,,29 498 €,,
KiaSoul,,10 971 €,,
MercedesClasse e break300 te,,12 522 €,,
Porsche911 targaprix initial : 31 937,,NC,,
ChryslerImperialprix initial : 53 421,,NC,,
VolvoAmazon123prix initial : 32 167,,NC,,
Porsche911BASEprix initial : 98 800,,NC,,
TvrChimaeraprix initial : 20 449,,NC,,
BmwSerie 3316prix initial : 12 407,,NC,,
BmwSerie 6635,,21 254 €,,
MercedesClasse gG 240prix initial : 14 820,,NC,,
HondaCivicLX,,2 720 €,,
KiaSorento,,4 518 €,,
GmcSierra 2500hdCrew cab,,14 106 €,,
Toyota4runner,,21 205 €,,
ToyotaTacomaV6 3.4prix initial : 9 680,,8 482 €,,
FordF450,,9 680 €,,
NissanArmada,,13 829 €,,
ChevroletS10,,3 688 €,,
NissanAltima2.5S,,9 220 €,,
ToyotaSequoiaprix initial : 3 226,,2 766 €,,
ToyotaSiennaLIMITED EDITION,,3 872 €,,
FordF350Crew cabV8 6.0LARIATprix initial : 16 595,,15 212 €,,
ToyotaTacomaTRD SPORT,,27 198 €,,
PorscheCayenneV6 3.0prix initial : 55 317,,54 390 €, 03.11.2023 ETATS-UNISDétail,ESSENCE55 854 Km2021AUTOMATIQUE96709DEVIS ASSURANCEVENDEZ
BmwSerie 5 touring520sponsorisée,,NC,,
AudiQ7PREMIUM EDITIONQUATTROprix initial : 9 219,,5 532 €,,
HyundaiSonataGLS,,5 993 €,,
MercedesClasse mMl 350,,18 439 €,,
HondaAccord2.0SPORT,,25 815 €,,
FordWindstarV6 3.8prix initial : 2 489,,2 305 €,,
IsuzuLa série n,,27 612 €,,
NissanLeafSLprix initial : 8 297,,6 454 €,,
MercedesClasse rR 350,,3 503 €,,
FordFusionHYBRIDprix initial : 8 758,,7 837 €,,
AudiA4S4,,12 446 €,,
HondaCivicLX,,13 829 €,,
NissanAltimaSL,,10 602 €,,
MitsubishiLancer,,3 227 €,,
LexusLs 500hF SPORT,,39 644 €,,
NissanFrontierSV,,19 822 €,,
HondaCivicEX,,16 134 €,,
NissanAltima2.5S,,14 751 €,,
LexusRx 350,,25 609 €,,
ToyotaTacoma,,23 510 €,,
ToyotaTacomaV6 4.0,,36 878 €,,
ToyotaTacomaprix initial : 16 595,,13 829 €,,
Ram trucksRam 1500LIMITED,,46 098 €,,
ToyotaTacoma,,11 063 €,,
ToyotaCamry,,5 808 €,,
ChevroletCamaro cabrioletRs,,18 900 €,,
BmwSerie 5 touring520sponsorisée,,NC, 07.11.2023 ALLEMAGNEDétail,ESSENCE9 999 Km1994MANUELLE-DEVIS ASSURANCEVENDEZ
Toyota4runnerSR5,,23 049 €,,
FordF150V8 5.8XLT,,16 134 €,,
Toyota4runner,,30 424 €,,
LexusGs 300V6 3.5,,5 071 €,,
ToyotaRav4LIMITED EDITION,,23 049 €,,
ToyotaRav4SE,,16 595 €,,
Toyota4runnerTRD OFF ROAD,,34 112 €,,
DodgeGrand caravan,,25 354 €,,
JeepGrand cherokee,,2 766 €,,
SubaruForester,,1 106 €,,
SubaruOutback,,4 518 €,,
VolkswagenGolf,,12 446 €,,
DodgeRam 3500,,20 283 €,,
DodgeGrand caravanprix initial : 20 743,,18 900 €,,
FordE350V8 5.4,,9 680 €,,
ChevroletSuburbanLTZ,,32 176 €,,
HyundaiSanta feV6 3.5prix initial : 11 985,,10 787 €,,
Ram trucksRam 2500,,44 254 €,,
DodgeRam 3500,,11 063 €,,
JeepWranglerUnlimitedRUBICON,,55 316 €,,
ChevroletBlazer,,2 305 €,,
CadillacEscaladeV8 6.2AWD,,29 963 €,,
KiaSorento,,29 963 €,,
ToyotaSequoiaV8 5.7,,35 034 €,,
FordF350Crew cab,,73 295 €, 04.11.2023 ETATS-UNISDétail,DIESEL864 Km2017AUTOMATIQUE99669DEVIS ASSURANCEVENDEZ
ChevroletMalibu,,5 071 €,,
DodgeRam 1500,,14 659 €,,
GmcSierra 3500V8 7.4,,13 737 €,,
FordF350,,25 815 €,,
FordF250V8 6.2XLT,,21 666 €,,
Ram trucksRam 1500,,14 290 €,,
JeepWranglerUnlimited,,17 379 €,,
Ram trucksRam 2500Crew cab,,41 949 €,,
LincolnMkxprix initial : 10 602,,10 141 €,,
FordF250,,34 573 €,,
JeepCherokee,,35 945 €,,
Ram trucksRam 1500Crew cab,,35 945 €,,
JeepWranglerUnlimited,,35 023 €,,
DodgeChallenger,,34 101 €,,
KiaStinger,,34 101 €,,
ChevroletColoradoZ71,,33 179 €,,
DodgeCharger,,32 257 €,,
DodgeDurango,,32 257 €,,
DodgeChallenger,,32 257 €,,
ChevroletSilverado 1500Regular cab,,31 335 €,,
FordRanger,,30 413 €,,
JeepCherokee,,27 647 €,,
FordEscape,,27 647 €,,
FordFlexPLATINUM,,27 647 €,,
FordEscape,,26 725 €, 17.11.2023 ETATS-UNISDétail,ESSENCE42 875 Km2021AUTOMATIQUE99669DEVIS ASSURANCEVENDEZ
JeepGrand cherokee,,26 272 €,,
FordMustangGtprix initial : 25 803,,23 960 €,,
JeepCherokee,,23 873 €,,
JeepWranglerUnlimited,,23 732 €,,
FordEscape,,23 038 €,,
JeepRenegadeALPINE EDITION,,23 038 €,,
Mazda6,,22 116 €,,
KiaRio,,18 428 €,,
JeepCompass,,17 506 €,,
FordExpedition,,61 760 €,,
FordF150Super crew,,60 838 €,,
Ram trucksRam 2500Crew cab,,58 806 €,,
Ram trucksRam 2500Crew cab,,57 611 €,,
FordF350Crew cab,,56 228 €,,
FordBronco2.3,,55 306 €,,
FordExpedition,,54 373 €,,
GmcSierra 1500Crew cabLIMITED,,54 359 €,,
Ram trucksRam 2500Crew cab,,53 462 €,,
FordExpedition,,53 462 €,,
GmcYukonDenali,,53 462 €,,
FordF150Super crew,,47 930 €,,
NissanTitan,,46 086 €,,
JeepGrand cherokee,,46 086 €,,
FordRanger,,46 086 €,,
FordExpedition max,,46 086 €, 17.11.2023 ETATS-UNISDétail,ESSENCE69 382 Km2021AUTOMATIQUE99669DEVIS ASSURANCEVENDEZ
FordBronco2.3,,46 086 €,,
FordExpedition max,,46 086 €,,
Ram trucksRam 1500Crew cab,,45 164 €,,
FordF150Super crew,,44 243 €,,
JeepGladiatorV6 3.6,,43 321 €,,
FordExplorer,,40 555 €,,
DodgeDurango,,39 633 €,,
FordF150Super crew,,39 633 €,,
ChevroletSilverado 1500Crew cab,,38 714 €,,
JeepWranglerUnlimited,,37 789 €,,
FordRanger,,36 867 €,,
JeepWranglerUnlimited,,36 867 €,,
GmcSierra 3500hdCrew cab,,73 745 €,,
GmcYukon xl,,62 682 €,,
FordExpedition,,67 291 €,,
FordExpedition max,,55 306 €,,
FordF150Super crew,,48 852 €,,
FordBronco2.3,,47 930 €,,
ChevroletSilverado 1500Crew cab,,46 086 €,,
JeepWranglerUnlimited,,41 477 €,,
FordF150Super crew,,40 558 €,,
JeepWranglerUnlimited,,36 867 €,,
Ram trucksRam 1500Crew cab,,36 867 €,,
FordEscape,,29 491 €,,
JeepRenegade,,27 647 €, 18.11.2023 ETATS-UNISDétail,ESSENCE10 041 Km2021AUTOMATIQUE99669DEVIS ASSURANCEVENDEZ
FordEscape,,23 960 €,,
FordF150Super crew,,54 384 €,,
ChevroletSilverado 1500Crew cab,,46 086 €,,
FordF150Super crew,,44 243 €,,
DodgeDurango,,40 094 €,,
JeepWranglerUnlimited,,37 789 €,,
Mazda2,,4 610 €,,
FordTransitVan,,69 146 €,,
Ram trucksRam 2500Mega cabLIMITED,,43 331 €,,
FordE350,,6 454 €,,
ChevroletTahoe,,7 837 €,,
KiaSedona,,5 993 €,,
FordF150Super crewLARIAT,,9 220 €,,
JeepWranglerUnlimitedSAHARAprix initial : 32 498,,32 176 €,,
FordF250prix initial : 9 219,,8 298 €,,
ChevroletSilverado 1500Crew cab,,15 212 €,,
ToyotaSiennaV6 3.5LIMITED EDITIONprix initial : 23 580,,23 949 €,,
ToyotaCorollaLIMITED EDITIONprix initial : 16 205,,15 652 €,,
ToyotaCamryLIMITED EDITIONprix initial : 17 127,,17 496 €,,
ToyotaCamryLIMITED EDITIONprix initial : 18 049,,19 340 €,,
ToyotaCamryLIMITED EDITIONprix initial : 16 573,,17 496 €,,
ToyotaCorollaLIMITED EDITIONprix initial : 15 651,,14 730 €,,
ToyotaCorollaLIMITED EDITION,,14 730 €,,
ToyotaCamrySEprix initial : 18 049,,18 233 €,,
ToyotaCorollaLIMITED EDITIONprix initial : 15 651,,15 744 €, 26.10.2023 ETATS-UNISDétail,ESSENCE74 955 Km2017AUTOMATIQUE99529DEVIS ASSURANCEVENDEZ
Fiat5000.5sponsorisée,,NC,,
ToyotaSiennaV6 3.5LIMITED EDITIONprix initial : 23 580,,22 106 €,,
Toyota4runnerV6 4.0SR5prix initial : 33 168,,32 247 €,,
ToyotaCamrySEprix initial : 18 049,,17 496 €,,
Toyota4runnerV6 4.0SR5,,27 637 €,,
Saab9-5ARC,,6 915 €,,
ToyotaSiennaLIMITED EDITIONprix initial : 18 875,,17 512 €,,
LexusRx 350AWDprix initial : 14 751,,13 737 €,,
ToyotaSiennaLIMITED EDITION,,9 035 €,,
SubaruOutback,,14 751 €,,
ChevroletMalibuLT,,16 503 €,,
FordTransitWagonXLT,,26 276 €,,
JeepLibertySPORT,,11 063 €,,
FordEscapeXLS,,6 361 €,,
ToyotaSienna,,30 286 €,,
DodgeGrand caravanV6 3.6,,22 035 €,,
ChevroletMalibu,,25 354 €,,
ChevroletBlazerV6 3.6,,30 397 €,,
ToyotaCamrySE,,20 237 €,,
FordExplorerprix initial : 16 134,,14 290 €,,
Ram trucksRam 2500V8 5.7,,17 517 €,,
KiaE-niroEXprix initial : 33 190,,30 424 €,,
AcuraRdxBASEprix initial : 37 795,,30 420 €,,
KiaForteprix initial : 22 122,,17 512 €,,
InfinitiQ70LUXEprix initial : 32 263,,25 810 €,,
KiaStingerV6 3.3GT LINEprix initial : 37 283,,36 730 €,,
Fiat5000.5sponsorisée,,NC, 11.11.2023 ITALIEDétail,ESSENCE20 118 Km1970MANUELLE51039DEVIS ASSURANCEVENDEZ
KiaForteGT LINE PREMIUM,,22 970 €,,
GmcCanyonDenali,,35 029 €,,
GmcSierra 1500LIMITED,,44 249 €,,
GmcSierra 1500SLE,,36 873 €,,
GmcSierra 1500,,42 405 €,,
GmcSierra 1500SLT,,47 937 €,,
VolvoXc60T5MOMENTUM,,33 186 €,,
KiaEv6GtGT LINEprix initial : 50 218,,49 481 €,,
KiaSportageX LINEprix initial : 35 941,,30 779 €,,
BmwX3M40i,,51 625 €,,
MazdaCx-5GRAND TOURING,,31 342 €,,
SubaruAscentLIMITED,,31 342 €,,
VolkswagenPassatSE,,16 590 €,,
VolkswagenJettaSE,,14 747 €,,
KiaK5GT LINEprix initial : 28 215,,28 400 €,,
SubaruOutbackLIMITED,,31 342 €,,
MazdaCx-5GRAND TOURING,,21 200 €,,
Mazda3TOURING,,16 590 €,,
SubaruOutback,,34 108 €,,
GmcTerrainSLT,,28 576 €,,
KiaSportageEXprix initial : 35 429,,30 268 €,,
KiaSorento1.6S,,35 167 €,,
KiaSportageX LINEprix initial : 38 038,,32 231 €,,
KiaSorento1.6SX,,40 791 €,,
HyundaiElantraSEprix initial : 13 829,,11 524 €, 14.09.2023 ETATS-UNISDétail,ESSENCE91 873 Km2018AUTOMATIQUE99503DEVIS ASSURANCEVENDEZ
MiniMiniCooper1.3sponsorisée,,NC,,
KiaK5GT LINE,,28 981 €,,
KiaSoulEXprix initial : 24 814,,25 736 €,,
MazdaCx-5TOURINGprix initial : 22 122,,18 434 €,,
VolvoXc40T5R DESIGN,,35 951 €,,
MazdaCx-5SPORT,,18 434 €,,
KiaSeltosSprix initial : 30 962,,27 275 €,,
KiaSeltosSprix initial : 30 598,,26 911 €,,
KiaSportageX LINEprix initial : 35 577,,29 770 €,,
KiaSorento1.6X LINEprix initial : 43 888,,40 201 €,,
AcuraMdxTECH,,51 808 €,,
KiaSportage1.6LX4X2prix initial : 29 026,,29 744 €,,
MiniClubmanCooper sprix initial : 26 736,,23 971 €,,
AcuraMdxTECH,,51 625 €,,
KiaSorento1.6SXprix initial : 48 337,,49 255 €,,
KiaForteLXprix initial : 19 738,,18 356 €,,
AcuraMdxA SPEC,,54 574 €,,
AcuraMdxA SPEC,,54 390 €,,
VolkswagenJettaWHITE,,12 903 €,,
KiaTellurideSXprix initial : 48 840,,58 059 €,,
KiaTellurideX LINEprix initial : 47 904,,57 123 €,,
KiaTellurideX LINEprix initial : 50 218,,59 437 €,,
KiaSorento1.6Sprix initial : 33 503,,34 425 €,,
KiaSportageLXprix initial : 33 617,,27 811 €,,
KiaSorento1.6X LINEprix initial : 42 814,,39 127 €,,
KiaSportageEXprix initial : 35 314,,29 507 €,,
MiniMiniCooper1.3sponsorisée,,NC, 10.11.2023 ESPAGNEDétail,ESSENCE73 000 Km1993MANUELLE08398DEVIS ASSURANCEVENDEZ
MercedesClasse sl300 slsponsorisée,,NC,,
Mazda3,,25 810 €,,
MercedesClasse claCla 2504MATIC,,20 278 €,,
KiaSportageX LINEprix initial : 36 296,,30 489 €,,
KiaSorento1.6Sprix initial : 39 311,,35 623 €,,
KiaTellurideS,,48 102 €,,
SubaruForesterLIMITED,,29 498 €,,
SubaruForester,,34 108 €,,
KiaForteprix initial : 20 199,,18 817 €,,
HyundaiSonataSEprix initial : 15 673,,14 751 €,,
KiaSportageX LINEprix initial : 36 960,,31 153 €,,
KiaSportageX LINEprix initial : 35 941,,30 134 €,,
KiaSportageEXprix initial : 35 129,,30 152 €,,
KiaSportage1.6LXprix initial : 28 373,,29 844 €,,
KiaSportage1.6LX,,29 691 €,,
KiaSorento1.6Sprix initial : 39 868,,36 365 €,,
KiaK5GT LINE,,29 875 €,,
KiaSorento1.6SXprix initial : 46 834,,43 146 €,,
KiaRio1.0LXprix initial : 16 595,,15 673 €,,
KiaSorento1.6S,,35 956 €,,
KiaForteGT LINEprix initial : 21 933,,20 550 €,,
VolvoV50Drive,,5 071 €,,
NissanSentra2.0SV,,21 384 €,,
FordExpeditionSPORT,,5 532 €,,
SubaruForester2.5LIMITED,,29 681 €,,
Mazda32.5,,25 993 €,,
MercedesClasse sl300 slsponsorisée,,NC, 10.11.2023 PAYS-BASDétail,ESSENCE196 000 Km1991AUTOMATIQUE7693DEVIS ASSURANCEVENDEZ
FordFlexSELprix initial : 9 127,,7 283 €,,
AcuraRdxBASE,,42 405 €,,
MercedesClasse glcGlc 3004MATIC,,35 951 €,,
HyundaiTucson1.6SEL,,28 759 €,,
KiaK5GT LINE,,29 718 €,,
AcuraRdxA SPEC,,42 589 €,,
InfinitiQ70V6 3.73.7,,17 517 €,,
VolvoXc60T8INSCRIPTION,,48 859 €,,
VolvoXc60Polestar,,52 547 €,,
NissanXterraV6 4.0,,9 220 €,,
ChevroletSilverado 1500V8 5.3LT,,34 291 €,,
NissanJukeR1.6,,14 008 €,,
NissanXterra,,9 220 €,,
NissanXterra,,9 220 €,,
FordExplorerV6 3.7POLICE INTERCEPTOR,,9 220 €,,
NissanXterraV6 4.0,,9 220 €,,
KiaE-niroLX,,25 722 €,,
KiaE-niroLX,,26 087 €,,
KiaSportage1.6LX4X2prix initial : 27 109,,26 234 €,,
KiaSportage1.6LX4X2prix initial : 27 570,,26 695 €,,
KiaSportageLX,,27 493 €,,
KiaSportage1.6LX4X2prix initial : 27 492,,26 617 €,,
KiaE-niro,,24 893 €,,
MercedesClasse glcGlc 3002.0,,36 135 €,,
ChevroletImpalaV6 3.6LT,,20 462 €, 22.10.2023 ETATS-UNISDétail,ESSENCE58 286 Km2019-99503DEVIS ASSURANCEVENDEZ
KiaForteLXprix initial : 18 706,,18 245 €,,
KiaForteLXprix initial : 18 545,,18 084 €,,
FordFive hundredV6 3.0,,5 993 €,,
KiaTellurideSX,,58 418 €,,
KiaSorento1.6LX,,31 935 €,,
AcuraRdx2.0A SPEC,,42 589 €,,
VolvoXc602.0INSCRIPTION,,49 042 €,,
NissanTitanV8 5.6SV,,43 511 €,,
HyundaiKonaN2.0SE,,21 384 €,,
MazdaCx-52.5TOURINGprix initial : 22 305,,18 618 €,,
KiaSoul1.6+,,8 298 €,,
NissanAltima2.5SR,,22 306 €,,
NissanRogueSV,,29 681 €,,
HondaHr-v2.0SPORT,,28 759 €,,
KiaForteLX,,10 141 €,,
KiaRio1.0Sprix initial : 16 595,,14 751 €,,
KiaK5GT LINE,,31 346 €,,
KiaForteprix initial : 19 900,,19 439 €,,
GmcSierra 1500V8 5.3SLE,,37 057 €,,
VolvoXc60Polestar2.0,,52 730 €,,
KiaK5,,25 712 €,,
KiaTellurideS,,48 199 €,,
NissanRogueSV,,30 603 €,,
VolkswagenJetta1.4SE,,14 930 €,,
InfinitiQ70V6 3.7LUXE,,25 993 €, 27.10.2023 ETATS-UNISDétail,ESSENCE80 149 Km2019AUTOMATIQUE99503DEVIS ASSURANCEVENDEZ
NissanRogueSV,,29 681 €,,
ChevroletVenture,,2 766 €,,
FordFreestar,,3 688 €,,
FordFreestar,,3 227 €,,
FordFreestar,,2 766 €,,
KiaOptimaLXprix initial : 11 063,,10 141 €,,
KiaOptimaSXprix initial : 14 751,,14 290 €,,
NissanAltima2.5SV,,22 306 €,,
ToyotaTacomaTRD OFF ROAD,,33 190 €,,
FordEcosport2.0,,20 462 €,,
JeepRenegade1.3ALTITUDE,,29 681 €,,
KiaForteprix initial : 18 978,,18 517 €,,
KiaSportageX LINEprix initial : 31 387,,30 742 €,,
KiaForteGT LINEprix initial : 21 283,,20 822 €,,
ChevroletColoradoV6 3.6,,47 198 €,,
HyundaiElantra2.0SE,,22 306 €,,
ChevroletEquinox2.0PREMIER,,27 837 €,,
KiaSorento1.6SX,,40 459 €,,
JeepGrand cherokeeV6 3.6ALTITUDE,,31 525 €,,
FordExplorer,,44 432 €,,
AudiQ5V6 3.2PREMIUM EDITIONprix initial : 11 524,,12 446 €,,
NissanSentra2.0SV,,24 150 €,,
SubaruCrosstrekLIMITED,,29 681 €,,
PontiacGrand prixGT,,2 305 €,,
SubaruOutback2.4,,34 291 €, 30.10.2023 ETATS-UNISDétail,ESSENCE36 167 Km2021AUTOMATIQUE99503DEVIS ASSURANCEVENDEZ
AcuraMdxV6 3.5A SPEC,,54 574 €,,
ChevroletTrailblazer,,30 603 €,,
KiaSorento1.6S,,34 112 €,,
VolvoXc402.0R DESIGN,,36 135 €,,
GmcSierra 1500V8 5.3SLT,,48 120 €,,
MazdaCx-52.5SPORT,,18 618 €,,
ChevroletTrax1.4LT,,24 150 €,,
KiaSeltosSX,,26 737 €,,
KiaSeltosEX,,28 294 €,,
KiaCarnivalLX,,32 973 €,,
KiaCarnivalLX,,33 429 €,,
KiaSeltosSX,,31 410 €,,
KiaCarnivalSX,,46 428 €,,
JeepGrand cherokeeLAREDOprix initial : 2 765,,2 489 €,,
HyundaiPalisadeV6 3.8,,43 511 €,,
NissanVersa1.6SV,,15 852 €,,
HyundaiAccentSEprix initial : 14 751,,13 829 €,,
HyundaiAccentSE,,12 446 €,,
MazdaCx-5,,35 029 €,,
MazdaCx-5,,35 029 €,,
SubaruLegacy2.5LIMITED,,21 200 €,,
MercedesClasse glaGla 45 amg4MATIC,,20 278 €,,
HyundaiAccentSE,,15 673 €,,
Mazda32.0TOURING,,16 774 €,,
AcuraRdx2.0A SPEC,,30 603 €, 02.11.2023 ETATS-UNISDétail,ESSENCE76 109 Km2020AUTOMATIQUE99503DEVIS ASSURANCEVENDEZ
FordFocusRs2.0sponsorisée,,NC,,
SubaruAscent2.4LIMITED,,31 525 €,,
ToyotaYaris1.5,,14 930 €,,
MazdaCx-5SIGNATURE,,36 873 €,,
ChevroletImpalaLS,,6 454 €,,
ChevroletEquinox1.5LT,,26 915 €,,
SubaruOutback2.4LIMITED,,31 525 €,,
GmcTerrain1.5SLT,,28 759 €,,
KiaRio1.0LX,,13 829 €,,
KiaSorento2.2SX,,18 439 €,,
KiaSportageLX,,28 018 €,,
HondaPassportSPORT,,32 447 €,,
MazdaCx-52.5GRAND TOURING,,21 384 €,,
ChevroletSuburban,,8 482 €,,
NissanLeafS,,26 915 €,,
HyundaiKonaN1.6LIMITED,,29 681 €,,
MazdaCx-52.5GRAND TOURING,,31 525 €,,
KiaFortePREMIUM,,13 829 €,,
VolvoXc602.0MOMENTUM,,33 369 €,,
SubaruOutback,,34 108 €,,
FordFusion,,4 149 €,,
ChevroletSilverado 1500,,43 511 €,,
GmcCanyonDenaliV6 3.6,,35 213 €,,
NissanKicks1.6SV,,25 993 €,,
KiaSorentoSX,,40 380 €,,
KiaTellurideX LINE,,56 764 €,,
FordFocusRs2.0sponsorisée,,NC, 15.11.2023 FRANCEDétail,ESSENCE117 000 Km2003MANUELLE83300DEVIS ASSURANCEVENDEZ
HyundaiKona1.6,,13 368 €,,
ToyotaCorolla2.0LIMITED EDITION,,25 072 €,,
VolkswagenPassat1.8SE,,16 774 €,,
ChevroletImpalaLSprix initial : 6 453,,6 431 €,,
JeepWranglerUnlimitedV6 3.6SAHARA,,25 993 €,,
NissanRogue2.0SPORT,,22 306 €,,
BmwX3M40i3.0,,51 808 €,,
JeepPatriot,,13 594 €,,
FordExplorer,,5 020 €,,
FordExplorerLIMITED,,13 779 €,,
AcuraMdxV6 3.5TECH,,51 808 €,,
VolkswagenJetta1.4S,,13 086 €,,
MercedesClasse claCla 2502.0,,20 462 €,,
GmcSierra 1500V8 5.3LIMITED,,44 432 €,,
HondaCivic1.5EX,,19 540 €,,
HyundaiKonaN2.0SEL,,26 915 €,,
HyundaiAccent1.6LIMITED,,15 852 €,,
VolvoV50Drive,,4 610 €,,
KiaOptimaPREMIUM,,11 063 €,,
KiaSeltos,,25 815 €,,
KiaSportageX LINE,,31 770 €,,
KiaSorento1.6X LINE,,39 537 €,,
GmcSierra 1500Extended cab,,15 673 €,,
HondaAccordV6 3.5TOURING,,18 618 €,,
MercedesClasse glaGla 45 amg2.0,,20 462 €, 08.11.2023 ETATS-UNISDétail,ESSENCE118 931 Km2015AUTOMATIQUE99503DEVIS ASSURANCEVENDEZ
HyundaiSanta fe2.2PREMIUM,,16 134 €,,
JeepCompass2.4,,25 072 €,,
HondaCr-v1.5EX L,,26 915 €,,
VolkswagenUp!,,11 432 €,,
KiaTellurideSX,,60 631 €,,
SubaruOutback2.4,,34 291 €,,
MazdaCx-52.5SIGNATURE,,37 057 €,,
SubaruCrosstrekPREMIUM,,21 200 €,,
SubaruOutback,,29 498 €,,
SubaruImprezaWrxPREMIUM,,32 264 €,,
Mazda3TOURING,,11 981 €,,
HyundaiTucsonSEL,,28 759 €,,
MazdaCx-52.5,,35 213 €,,
MazdaCx-52.5,,35 213 €,,
ToyotaCamryprix initial : 6 452,,6 638 €,,
KiaRioS,,13 829 €,,
KiaTellurideSX,,40 566 €,,
DodgeGrand caravan,,4 149 €,,
FordExpeditionSPORT,,5 993 €,,
KiaSportageLX,,28 244 €,,
KiaCarnivalEX,,38 043 €,,
KiaSeltosSX,,30 502 €,,
KiaCarnivalLX,,35 273 €,,
KiaSorentoSX,,47 494 €,,
KiaSorentoX LINE,,43 225 €, 11.11.2023 ETATS-UNISDétail,ESSENCE16 Km2023AUTOMATIQUE99503DEVIS ASSURANCEVENDEZ
NissanRogueSV,,27 837 €,,
SubaruOutback2.5PREMIUM,,27 474 €,,
KiaSorentoX LINE,,39 127 €,,
KiaForteLX,,12 907 €,,
FordExplorer2.3XLT,,34 291 €,,
NissanAltima2.5S,,23 228 €,,
KiaSorentoEXprix initial : 37 375,,37 560 €,,
NissanRogueSPORT,,21 113 €,,
ToyotaRav4LIMITED EDITION,,22 035 €,,
MercedesClasse cC 3004MATIC,,14 659 €,,
KiaSportageX LINE4X4,,32 176 €,,
SubaruForesterTOURING,,14 659 €,,
FordEscapeSE,,16 503 €,,
AudiA4PREMIUM EDITIONQUATTRO,,27 566 €,,
ToyotaHighlanderXSE,,41 396 €,,
DodgeDurango,,26 644 €,,
GmcTerrain,,13 737 €,,
BmwX3Xdrive 28d,,15 581 €,,
ChevroletImpalaLS,,6 269 €,,
ToyotaHighlanderLIMITED EDITION,,24 800 €,,
Ram trucksRam 1500V8 5.7BIG HORN,,29 410 €,,
ToyotaTundraV8 5.7TRD OFF ROAD,,20 191 €,,
ToyotaRav4LIMITED EDITION,,25 722 €,,
HondaCr-vEX,,27 566 €,,
ToyotaTundraV8 5.7SR5,,41 396 €, 15.11.2023 ETATS-UNISDétail,ESSENCE21 750 Km2021AUTOMATIQUE99503DEVIS ASSURANCEVENDEZ
HondaCr-vEX L,,27 566 €,,
MercedesClasse cC 3004MATIC,,13 737 €,,
NissanRogueSV,,16 503 €,,
JeepCherokeeLATITUDE4X4,,16 503 €,,
BmwSerie 2228,,29 410 €,,
HyundaiTucsonSE,,22 957 €,,
SubaruForester,,21 113 €,,
SubaruForesterLIMITED,,20 191 €,,
LincolnMkcRESERVE,,25 722 €,,
ToyotaTundraV8 5.7,,17 425 €,,
KiaK5GT LINE,,30 317 €,,
KiaSportageX LINE,,30 848 €,,
KiaSorentoSX,,40 459 €,,
KiaSorentoSX,,42 805 €,,
MiniCountrymanCooper,,30 420 €,,
AcuraRdxBASE,,36 873 €,,
VolvoV60 cross countryT5,,33 186 €,,
MazdaCx-5GRAND TOURING,,13 825 €,,
SubaruForesterTOURING,,31 342 €,,
HondaCr-v,,15 581 €,,
ChevroletCruze,,7 283 €,,
HondaCr-vSE,,18 347 €,,
BmwX3,,36 786 €,,
KiaSportageX LINE,,30 692 €,,
KiaTellurideX LINE,,53 629 €, 16.11.2023 ETATS-UNISDétail,ESSENCE16 Km2024AUTOMATIQUE99503DEVIS ASSURANCEVENDEZ
SubaruLegacy2.5LIMITED,,21 384 €,,
MazdaCx-52.5GRAND TOURING,,14 008 €,,
NissanMuranoV6 3.5SV,,24 150 €,,
ToyotaTacomaV6 3.5TRD OFF ROAD,,42 589 €,,
SubaruCrosstrek2.0PREMIUM,,21 384 €,,
ChevroletSuburban,,4 241 €,,
KiaK5GT LINE,,30 728 €,,
KiaTellurideX LINE,,59 253 €,,
KiaRio1.0S,,12 907 €,,
ChevroletImpalaLS,,6 223 €,,
JeepCherokee2.4LATITUDE,,17 696 €,,
SubaruForester2.5TOURING,,20 462 €,,
SubaruForester2.5TOURING,,20 278 €,,
SubaruImprezaWrx sti,,29 498 €,,
ToyotaRav4LIMITED EDITION,,18 347 €,,
NissanVersa1.6S,,15 852 €,,
HondaPassportTOURING,,29 681 €,,
SubaruImprezaWrx sti2.5,,29 681 €,,
Toyota4runnerV6 4.0LIMITED EDITION,,24 432 €,,
KiaOptimaLX,,9 220 €,,
KiaOptimaLX,,13 829 €,,
KiaSorentoPREMIUM,,16 595 €,,
KiaRioS,,16 595 €,,
KiaSoulLX,,16 595 €,,
KiaForte,,17 056 €, 18.11.2023 ETATS-UNISDétail,ESSENCE65 608 Km2019AUTOMATIQUE99503DEVIS ASSURANCEVENDEZ
KiaRioS,,16 978 €,,
KiaSportageLX,,28 401 €,,
KiaSorentoLX,,24 893 €,,
KiaSorentoLX,,21 205 €,,
FordEscape,,9 220 €,,
VolkswagenUp!,,10 602 €,,
AcuraRdx2.0A SPEC,,37 057 €,,
VolvoV60 cross country2.0,,33 369 €,,
SubaruForester2.5TOURING,,31 525 €,,
SubaruImprezaWrxPREMIUM,,32 447 €,,
MiniCountrymanCooper s2.0,,30 603 €,,
SubaruForester,,12 815 €,,
FordEscape2.0TITANIUMprix initial : 30 378,,25 769 €,,
ChevroletSilverado 1500CUSTOMprix initial : 44 175,,41 133 €,,
KiaOptimaprix initial : 23 508,,22 126 €,,
KiaOptima2.4prix initial : 23 508,,22 126 €,,
GmcAcadiaV6 3.6SLT,,32 222 €,,
FordFiesta1.6Sprix initial : 9 218,,8 297 €,,
ChevroletSilverado 1500LTprix initial : 50 495,,45 839 €,,
KiaNiro1.6LXprix initial : 25 813,,21 204 €,,
KiaE-niroLXprix initial : 25 813,,21 204 €,,
ChevroletSilverado 1500V8 5.3WORK TRUCKprix initial : 45 157,,49 246 €,,
GmcAcadiaV6 3.6SLT,,31 300 €,,
FordF150V6 3.5XLprix initial : 34 295,,32 267 €,,
KiaSportage1.6LX4X2,,26 690 €, 28.04.2023 ETATS-UNISDétail,ESSENCE35 484 Km2022AUTOMATIQUE99515DEVIS ASSURANCEVENDEZ
ChevroletBlazerV6 3.6RS,,46 973 €,,
BuickEnclaveV6 3.6AVENIR,,39 598 €,,
InfinitiQx80V8 5.6LUXE,,45 129 €,,
ChevroletSilverado 1500WORK TRUCKprix initial : 43 041,,44 931 €,,
ChevroletSilverado 1500prix initial : 61 051,,58 009 €,,
ChevroletBlazerV6 3.62LT,,31 300 €,,
KiaSportage2.4LX,,26 690 €,,
InfinitiQx80LUXE,,45 129 €,,
ChevroletTahoeV8 5.3LTprix initial : 55 213,,49 682 €,,
FordExplorer2.3LIMITED,,35 910 €,,
AudiQ7PREMIUM EDITIONprix initial : 41 478,,35 033 €,,
ChevroletEquinox1.52LT,,27 612 €,,
ChevroletSilverado 1500V8 5.3prix initial : 52 495,,49 960 €,,
ChevroletSilverado 1500prix initial : 57 663,,54 621 €,,
ChevroletSilverado 1500V8 5.3LTprix initial : 56 280,,53 468 €,,
ChevroletSilverado 1500LTZprix initial : 64 093,,63 587 €,,
ChevroletSilverado 2500V8 6.6CUSTOM,,52 205 €,,
MiniClubmanCooper s,,33 144 €,,
FordExpedition maxV6 3.5LIMITED,,53 427 €,,
ChevroletBolt ev2LTprix initial : 29 491,,23 960 €,,
ChevroletEquinox1.5PREMIERprix initial : 23 325,,18 336 €,,
CadillacXt5V6 3.6prix initial : 30 146,,27 566 €,,
ChevroletEquinox1.51LT,,27 612 €,,
ChevroletEquinox1.52LT,,26 690 €,,
LexusRx 350AWD,,47 895 €, 13.07.2023 ETATS-UNISDétail,ESSENCE36 075 Km2022AUTOMATIQUE99515DEVIS ASSURANCEVENDEZ
ChevroletSuburbanV8 6.2HIGH COUNTRYprix initial : 85 667,,84 469 €,,
FordF150V6 3.5XLTprix initial : 36 877,,31 243 €,,
FordF150V6 3.5TREMORprix initial : 56 678,,55 316 €,,
NissanMaximaV6 3.5SLprix initial : 24 789,,18 336 €,,
HyundaiSanta feSELprix initial : 30 286,,26 633 €,,
HyundaiSanta fePREMIUMprix initial : 30 286,,26 633 €,,
ChevroletEquinox1.52LTprix initial : 26 633,,21 102 €,,
MazdaCx-32.0GRAND TOURINGprix initial : 23 969,,23 048 €,,
FordF150V8 5.0LARIATprix initial : 57 893,,53 196 €,,
NissanAltima2.5SVprix initial : 23 969,,21 204 €,,
ChevroletSilverado 1500V8 5.3prix initial : 55 671,,48 757 €,,
ChevroletSilverado 1500V8 5.3LTprix initial : 55 344,,53 224 €,,
ChevroletBolt ev2LTprix initial : 23 786,,22 024 €,,
ChryslerVoyagerprix initial : 22 945,,18 336 €,,
ChevroletSilverado 1500V8 5.3LTprix initial : 55 390,,48 476 €,,
ChevroletSilverado 1500V8 5.3LTprix initial : 55 390,,53 270 €,,
ChevroletSilverado 1500V8 5.3LTprix initial : 55 847,,53 727 €,,
ChevroletSilverado 2500V8 6.6CUSTOMprix initial : 51 813,,51 998 €,,
FordMustang2.3GT PREMIUM,,20 282 €,,
ChevroletSilverado 1500V8 5.3prix initial : 61 208,,59 088 €,,
ChevroletSilverado 1500CUSTOMprix initial : 46 138,,44 710 €,,
JeepCherokeeV6 3.2LIMITED,,25 769 €,,
FordFusion2.0SE,,20 237 €,,
ChevroletSilverado 1500V8 5.3WORK TRUCKprix initial : 48 448,,47 941 €,,
ChevroletSilverado 1500V8 5.3prix initial : 58 912,,51 767 €, 17.08.2023 ETATS-UNISDétail,ESSENCE16 Km2024AUTOMATIQUE99515DEVIS ASSURANCEVENDEZ
ChevroletSilverado 1500V8 5.3prix initial : 58 548,,51 403 €,,
ChevroletSilverado 1500V8 5.3WORK TRUCK,,48 541 €,,
ChevroletSilverado 1500V8 5.3LTprix initial : 35 029,,32 544 €,,
LexusRx 350F SPORT,,49 693 €,,
ChevroletSilverado 1500V8 5.3LTZprix initial : 59 226,,53 694 €,,
ChevroletSilverado 1500V8 5.3,,58 641 €,,
ChevroletSilverado 2500V8 6.6LTprix initial : 65 615,,65 800 €,,
ChevroletSilverado 1500CUSTOMprix initial : 46 687,,45 259 €,,
ChevroletSilverado 1500CUSTOM,,46 508 €,,
ChevroletSilverado 1500V8 5.3WORK TRUCKprix initial : 48 725,,48 034 €,,
ChevroletSilverado 1500,,58 456 €,,
ChevroletSilverado 1500V8 5.3prix initial : 57 525,,50 610 €,,
ChevroletSilverado 1500CUSTOMprix initial : 46 871,,45 443 €,,
Toyota4runnerV6 4.0LIMITED EDITION,,27 658 €,,
ChevroletSilverado 1500,,58 913 €,,
ChevroletSilverado 1500LTZ,,59 959 €,,
ChevroletSilverado 1500CUSTOM,,47 052 €,,
ChevroletSilverado 1500V8 5.3,,57 617 €,,
FordFusion2.0TITANIUM,,22 081 €,,
Ram trucksRam 1500V8 5.7BIG HORN,,36 832 €,,
ChevroletTraverseV6 3.6LTprix initial : 46 954,,46 217 €,,
ChevroletSilverado 1500prix initial : 58 456,,51 311 €,,
ChevroletSilverado 1500LTZprix initial : 60 696,,60 512 €,,
ChevroletSilverado 1500V8 5.3prix initial : 57 160,,50 016 €,,
FordF150V8 5.0XLTprix initial : 36 877,,NC, 26.08.2023 ETATS-UNISDétail,ESSENCE62 974 Km2020AUTOMATIQUE99515DEVIS ASSURANCEVENDEZ
Ram trucksRam 1500V8 5.7BIG HORN,,34 066 €,,
LexusIs 350V6 3.5F SPORTprix initial : 45 072,,41 384 €,,
HyundaiAccent1.6SEprix initial : 16 491,,11 974 €,,
ChevroletEquinox1.51LTprix initial : 29 991,,29 253 €,,
Ram trucksRam 1500V8 5.7LARAMIE,,35 910 €,,
HyundaiAccentSEprix initial : 16 491,,11 974 €,,
ChevroletSilverado 1500LTZprix initial : 63 914,,58 382 €,,
ChevroletSilverado 1500V8 5.3LTprix initial : 54 662,,46 826 €,,
ChevroletEquinox1.5RS,,30 789 €,,
ChevroletBolt ev1LTprix initial : 26 257,,26 442 €,,
CorvetteC8StingrayV8 6.2prix initial : 84 247,,84 432 €,,
ChevroletSilverado 1500V8 5.3prix initial : 55 671,,48 527 €,,
ChevroletSilverado 1500V8 5.3prix initial : 58 898,,51 984 €,,
ChevroletTahoeV8 5.3LT,,47 895 €,,
FordEscape2.0TITANIUM,,25 769 €,,
ToyotaRav42.5LIMITED EDITION,,27 453 €,,
NissanMaximaV6 3.5SVprix initial : 22 023,,18 336 €,,
ChevroletTahoeV8 5.3LTprix initial : 48 852,,45 994 €,,
ChevroletTahoeV8 5.3LTprix initial : 48 852,,43 228 €,,
Toyota4runnerV6 4.0SR5prix initial : 34 101,,29 399 €,,
Toyota4runnerV6 4.0SR5prix initial : 34 101,,32 165 €,,
ToyotaRav42.5prix initial : 31 243,,26 633 €,,
ChevroletTahoeV8 5.3LTprix initial : 48 852,,43 228 €,,
Toyota4runnerV6 4.0SR5prix initial : 31 243,,30 321 €,,
NissanVersa note1.6SVprix initial : 12 896,,11 052 €, 08.09.2023 ETATS-UNISDétail,ESSENCE98 535 Km2019AUTOMATIQUE99515DEVIS ASSURANCEVENDEZ
BmwSerie 3M32.0sponsorisée,,NC,,
ToyotaRav42.5LIMITED EDITIONprix initial : 27 657,,23 867 €,,
Ram trucksRam 1500V8 5.7BIG HORNprix initial : 31 254,,26 633 €,,
Ram trucksRam 1500V8 5.7REBELprix initial : 36 774,,34 009 €,,
Ram trucksRam 1500V8 5.7LARAMIEprix initial : 34 828,,30 321 €,,
FordEdge2.0TITANIUMprix initial : 24 881,,22 945 €,,
DodgeDurangoV6 3.6,,25 814 €,,
ChevroletCamaroV8 6.22SS,,55 847 €,,
ChevroletTahoeV8 5.3LTprix initial : 48 852,,44 150 €,,
ChevroletSilverado 1500V6 4.3WORK TRUCKprix initial : 20 179,,NC,,
FordEdgeV6 2.7,,28 534 €,,
HondaHr-v1.8EX,,24 847 €,,
ChevroletSilverado 1500CUSTOMprix initial : 47 051,,45 623 €,,
DodgeDurangoV8 5.7,,39 598 €,,
ChevroletSilverado 1500V8 5.3prix initial : 55 764,,47 928 €,,
ChevroletSilverado 1500V8 5.3LTprix initial : 55 026,,47 190 €,,
ChevroletEquinox1.5PREMIERprix initial : 43 327,,42 589 €,,
ChevroletEquinox1.5RSprix initial : 33 628,,32 891 €,,
ChevroletSilverado 1500WORK TRUCKprix initial : 40 044,,39 999 €,,
ChevroletSilverado 1500V8 5.3prix initial : 55 307,,47 471 €,,
JeepCherokee2.4LATITUDE,,21 159 €,,
NissanNv3500V8 5.6SLprix initial : 21 101,,20 180 €,,
DodgeDurangoprix initial : 31 798,,28 580 €,,
ChevroletSilverado 1500V8 6.2prix initial : 63 310,,61 190 €,,
ChevroletEquinox1.5PREMIERprix initial : 33 033,,32 296 €,,
ChevroletEquinox1.5PREMIERprix initial : 36 785,,36 048 €,,
BmwSerie 3M32.0sponsorisée,,NC, 09.11.2023 FRANCEDétail,ESSENCE68 000 Km1995MANUELLE92400DEVIS ASSURANCEVENDEZ
KiaStingerV6 3.3GTprix initial : 46 096,,41 384 €,,
ChevroletSilverado 1500V8 6.2prix initial : 64 057,,61 937 €,,
ChevroletSilverado 1500V8 5.3LTZprix initial : 59 917,,59 410 €,,
ChevroletSilverado 1500V8 5.3LTZprix initial : 59 825,,59 318 €,,
ChryslerVoyagerprix initial : 21 193,,19 258 €,,
ChevroletTraverseV6 3.6LT,,33 144 €,,
FordExplorer2.3LIMITED,,35 910 €,,
ToyotaCamry2.5LIMITED EDITION,,21 159 €,,
ChevroletTraxprix initial : 21 808,,21 993 €,,
ChevroletSilverado 1500V8 5.3prix initial : 55 307,,48 163 €,,
ChevroletSilverado 1500V8 6.2prix initial : 63 600,,61 480 €,,
ChevroletSilverado 1500V8 5.3LTZprix initial : 59 461,,58 954 €,,
ChevroletSilverado 1500V8 5.3LTZprix initial : 60 240,,59 733 €,,
BmwX3Xdrive 30i2.0,,33 628 €,,
ChevroletSilverado 3500V8 6.6LTZprix initial : 73 862,,74 046 €,,
ChevroletTahoeV8 5.3PREMIER,,47 895 €,,
JeepCherokee2.4LATITUDE,,22 081 €,,
HyundaiSonata1.6SELprix initial : 27 555,,24 789 €,,
ChevroletSilverado 3500V8 6.6LTZprix initial : 77 222,,77 407 €,,
ChevroletEquinox1.5RSprix initial : 31 332,,30 595 €,,
ChevroletEquinox1.5LSprix initial : 28 963,,28 226 €,,
ChevroletSilverado 1500V8 5.3LTprix initial : 56 077,,53 957 €,,
ChevroletSilverado 2500V8 6.6HIGH COUNTRYprix initial : 81 790,,81 975 €,,
ChevroletSilverado 1500V8 5.3LTprix initial : 56 441,,54 321 €,,
Ram trucksRam 1500V8 5.7LARAMIE,,43 228 €, 29.09.2023 ETATS-UNISDétail,ESSENCE34 176 Km2022AUTOMATIQUE99515DEVIS ASSURANCEVENDEZ
ChevroletEquinox1.5RSprix initial : 32 710,,31 973 €,,
ChevroletSilverado 1500CUSTOMprix initial : 46 964,,45 535 €,,
HyundaiSonataSELprix initial : 27 555,,24 789 €,,
ChevroletSilverado 1500V8 5.3,,57 161 €,,
ChevroletEquinox1.5LSprix initial : 28 649,,27 912 €,,
ChevroletSilverado 2500V8 6.6CUSTOMprix initial : 61 876,,62 061 €,,
ChevroletTraxprix initial : 23 666,,23 851 €,,
Toyota4runnerV6 4.0SR5,,34 988 €,,
FordBronco sportBig bend1.5BIG BEND,,26 690 €,,
ChevroletTrax,,24 713 €,,
ChevroletTraxLT,,22 362 €,,
ChevroletTraxLS,,20 979 €,,
ChevroletEquinox2.42LT,,10 038 €,,
Ram trucksRam 3500V8 6.4SLTprix initial : 32 164,,34 009 €,,
KiaSedonaLXprix initial : 20 734,,17 969 €,,
ChevroletBlazer2.0PREMIERprix initial : 49 186,,47 987 €,,
ChevroletTraverseV6 3.6LTprix initial : 39 676,,38 939 €,,
ChevroletSilverado 1500CUSTOMprix initial : 48 443,,47 015 €,,
ToyotaHighlanderV6 3.5LIMITED EDITION,,32 165 €,,
ToyotaCorolla1.8LIMITED EDITION,,18 336 €,,
NissanAltima2.5S,,17 414 €,,
MazdaCx-92.5GRAND TOURINGprix initial : 28 477,,26 633 €,,
ChevroletBlazerV6 3.6RS,,30 413 €,,
FordEdgeV6 2.7SPORT,,23 925 €,,
JeepCompass2.4LIMITEDprix initial : 21 716,,20 180 €, 05.10.2023 ETATS-UNISDétail,ESSENCE88 198 Km2020AUTOMATIQUE99515DEVIS ASSURANCEVENDEZ
NissanMuranoV6 3.5SVprix initial : 23 867,,NC,,
VolkswagenJetta1.4SEprix initial : 19 257,,18 336 €,,
NissanMuranoV6 3.5SV,,23 867 €,,
ToyotaCorolla1.8LIMITED EDITIONprix initial : 18 335,,17 414 €,,
ToyotaHighlanderV6 3.5LIMITED EDITION,,32 165 €,,
HyundaiAccent1.6SEprix initial : 15 662,,14 648 €,,
ToyotaCamry2.5SEprix initial : 22 023,,NC,,
FordEscape1.5SELprix initial : 22 023,,21 102 €,,
DodgeGrand caravanV6 3.6,,20 180 €,,
FordEcosport2.0TITANIUM,,18 336 €,,
VolkswagenTiguan2.0SE,,22 024 €,,
NissanMuranoV6 3.5SVprix initial : 23 867,,20 180 €,,
NissanAltima2.5SV,,21 102 €,,
NissanMaximaV6 3.5SV,,22 024 €,,
NissanSentra1.8SVprix initial : 14 647,,13 726 €,,
FordFusion2.0TITANIUMprix initial : 19 257,,18 336 €,,
ToyotaCorolla1.8LIMITED EDITIONprix initial : 16 491,,15 570 €,,
FordEdge2.0TITANIUMprix initial : 26 223,,25 711 €,,
ChevroletSpark1.41LTprix initial : 13 725,,12 804 €,,
NissanSentra2.0SVprix initial : 18 335,,15 662 €,,
JeepGrand cherokeeV6 3.6LIMITEDprix initial : 28 477,,25 711 €,,
VolkswagenTiguan2.0SEprix initial : 22 023,,20 180 €,,
NissanRogue2.5SV,,23 867 €,,
VolkswagenPassat2.0SEprix initial : 20 179,,18 336 €,,
NissanRogue2.0SPORT,,19 258 €, 05.10.2023 ETATS-UNISDétail,ESSENCE89 785 Km2021AUTOMATIQUE99515DEVIS ASSURANCEVENDEZ
JeepGrand cherokeeV6 3.6LIMITEDprix initial : 27 555,,24 789 €,,
NissanRogue2.5SV,,23 867 €,,
ToyotaRav42.5prix initial : 31 484,,27 555 €,,
VolkswagenTiguan2.0SEprix initial : 22 023,,NC,,
NissanSentra2.0SVprix initial : 18 335,,14 648 €,,
JeepCompass2.4LIMITEDprix initial : 21 716,,20 180 €,,
KiaSorento2.5LX,,23 867 €,,
NissanSentra2.0SVprix initial : 18 335,,NC,,
NissanAltima2.5SRprix initial : 21 101,,20 180 €,,
NissanRogue2.5SV,,23 867 €,,
NissanAltima2.5SRprix initial : 21 101,,20 272 €,,
NissanRogue2.5SVprix initial : 23 867,,21 102 €,,
NissanSentra2.0SVprix initial : 18 335,,15 570 €,,
JeepCherokee2.4LATITUDE,,21 643 €,,
NissanVersa note1.6SV,,12 804 €,,
ChevroletEquinox1.51LT,,20 180 €,,
ToyotaCamry2.5SEprix initial : 22 023,,19 258 €,,
JeepCompass2.4TRAILHAWKprix initial : 22 125,,NC,,
NissanVersa1.6SVprix initial : 15 569,,14 648 €,,
ToyotaCamry2.5SEprix initial : 22 023,,20 180 €,,
NissanSentra2.0SVprix initial : 18 335,,17 414 €,,
VolkswagenJetta1.4SEprix initial : 19 257,,17 414 €,,
NissanMuranoV6 3.5SVprix initial : 23 867,,22 945 €,,
NissanMaximaV6 3.5SVprix initial : 22 023,,21 102 €,,
ToyotaCamry2.5SEprix initial : 22 023,,21 102 €, 05.10.2023 ETATS-UNISDétail,ESSENCE78 954 Km2021AUTOMATIQUE99515DEVIS ASSURANCEVENDEZ
NissanArmadaV8 5.6SVprix initial : 34 111,,32 165 €,,
VolkswagenJetta1.4SEprix initial : 19 257,,18 336 €,,
NissanVersa1.6SV,,15 570 €,,
ChevroletSpark1.41LTprix initial : 13 725,,12 804 €,,
NissanMaximaV6 3.5SV,,21 921 €,,
NissanSentra2.0SV,,18 336 €,,
NissanAltima2.5SRprix initial : 21 101,,NC,,
NissanAltima2.5SVprix initial : 21 101,,20 180 €,,
NissanFrontier2.5Sprix initial : 13 725,,11 882 €,,
JeepGrand cherokeeV6 3.6LIMITEDprix initial : 27 555,,24 789 €,,
NissanVersa1.6SVprix initial : 15 569,,13 726 €,,
ToyotaCorolla1.8LIMITED EDITIONprix initial : 18 335,,16 492 €,,
ToyotaTacomaV6 3.5SR5prix initial : 34 930,,32 165 €,,
JeepWranglerUnlimited2.0SAHARAprix initial : 33 086,,34 931 €,,
JeepCherokee2.4LATITUDEprix initial : 20 467,,21 194 €,,
MazdaCx-52.5GRAND TOURINGprix initial : 24 789,,23 867 €,,
ChevroletTahoeV8 6.2prix initial : 71 285,,71 470 €,,
ChevroletSilverado 1500V6 4.31LTprix initial : 20 271,,19 258 €,,
FordF150V6 3.5XLT,,27 555 €,,
KiaSorentoLX,,23 867 €,,
HyundaiAccentSEprix initial : 15 662,,14 648 €,,
ChevroletSilverado 1500prix initial : 56 271,,54 151 €,,
ChevroletSilverado 2500V8 6.6HIGH COUNTRY,,82 206 €,,
ChevroletSilverado 2500V8 6.6CUSTOMprix initial : 61 438,,61 623 €,,
VolkswagenTiguan2.0SE,,22 024 €, 08.10.2023 ETATS-UNISDétail,ESSENCE94 510 Km2020AUTOMATIQUE99515DEVIS ASSURANCEVENDEZ
FordEscape1.5SELprix initial : 21 101,,22 945 €,,
HyundaiElantraGLSprix initial : 8 296,,6 637 €,,
ChevroletSilverado 2500V8 6.6HIGH COUNTRYprix initial : 81 629,,81 814 €,,
HyundaiElantra2.0GLSprix initial : 8 296,,6 637 €,,
ChevroletTahoePREMIER,,69 427 €,,
KiaSorento2.4LX,,21 194 €,,
KiaSorentoLX,,21 194 €,,
KiaRio1.6Sprix initial : 18 161,,17 516 €,,
KiaRio1.0Sprix initial : 18 161,,17 516 €,,
ChevroletTraxLSprix initial : 21 158,,21 343 €,,
ChevroletTraxprix initial : 22 541,,22 726 €,,
ChevroletTraxprix initial : 24 067,,24 252 €,,
DodgeGrand caravanV6 3.6GTprix initial : 16 491,,15 570 €,,
NissanSentra1.8S,,13 726 €,,
JeepWranglerUnlimitedV6 3.6SPORT,,28 477 €,,
ToyotaRav42.5,,31 300 €,,
ChevroletSilverado 1500V8 5.3HIGH COUNTRY,,67 146 €,,
ChevroletSilverado 2500V8 6.6CUSTOM,,53 358 €,,
ChevroletSilverado 1500CUSTOMprix initial : 47 328,,45 899 €,,
ChevroletSilverado 1500V8 5.3prix initial : 57 714,,55 594 €,,
ChevroletSilverado 1500prix initial : 58 525,,56 405 €,,
ChevroletEquinox1.5PREMIERprix initial : 37 574,,36 837 €,,
ChevroletSilverado 1500V8 5.3prix initial : 58 170,,56 050 €,,
ChevroletSilverado 1500V8 5.3prix initial : 58 078,,55 958 €,,
ChevroletEquinox1.5PREMIERprix initial : 37 113,,36 376 €, 19.10.2023 ETATS-UNISDétail,ESSENCE16 Km2024AUTOMATIQUE99515DEVIS ASSURANCEVENDEZ
ChevroletEquinox1.5RSprix initial : 35 273,,34 536 €,,
FordFusion2.5S,,NC,,
FordTaurusV6 3.5SEL,,NC,,
ToyotaYaris1.5BASE,,NC,,
ChevroletTahoeV8 5.3,,10 325 €,,
ChevroletSilverado 2500V8 6.6WORK TRUCKprix initial : 56 506,,56 691 €,,
ChevroletEquinox1.5PREMIERprix initial : 32 079,,31 342 €,,
ChevroletTahoeV8 6.2prix initial : 70 455,,70 640 €,,
ToyotaRav42.5LIMITED EDITION,,27 612 €,,
ChevroletSilverado 3500V8 6.6HIGH COUNTRYprix initial : 85 404,,85 589 €,,
ChevroletSilverado 2500V8 6.6LTprix initial : 58 391,,58 576 €,,
SubaruOutback2.5PREMIUM,,NC,,
ChevroletSilverado 1500V8 5.3LT,,25 711 €,,
ChevroletSilverado 1500V8 5.3LT,,32 165 €,,
NissanVersa1.6SV,,NC,,
KiaOptimaprix initial : 3 687,,3 596 €,,
FordFusionSEprix initial : 12 446,,11 893 €,,
JeepGrand cherokeeV8 5.7SUMMIT,,NC,,
FordF250,,12 446 €,,
AcuraIlx,,13 460 €,,
HondaAccordprix initial : 9 957,,9 773 €,,
BmwX3Xdrive 30iprix initial : 38 712,,36 869 €,,
ChevroletSilverado 2500V8 6.6LTZprix initial : 65 983,,66 168 €,,
ChevroletSilverado 1500V8 5.3LT,,39 541 €,,
ChevroletSilverado 1500V8 5.3LTprix initial : 21 664,,20 743 €, 25.10.2023 ETATS-UNISDétail,ESSENCE161 354 Km2014AUTOMATIQUE99515DEVIS ASSURANCEVENDEZ
NissanArmadaV8 5.6PLATINIUM,,25 814 €,,
ToyotaSiennaLIMITED EDITION,,16 134 €,,
KiaSoul1.6SPORTprix initial : 13 725,,12 896 €,,
ChevroletSilverado 1500CUSTOMprix initial : 47 236,,45 807 €,,
ChevroletTahoeV8 5.3LTprix initial : 64 061,,64 246 €,,
ChevroletSilverado 1500prix initial : 52 223,,49 181 €,,
ChevroletSilverado 1500prix initial : 56 727,,54 607 €,,
ChevroletSilverado 1500prix initial : 52 680,,49 638 €,,
ChevroletEquinox1.5LSprix initial : 28 285,,27 548 €,,
JeepGrand cherokee,,3 227 €,,
HondaCr-v,,3 411 €,,
MazdaTribute,,3 411 €,,
ChevroletEquinox,,3 227 €,,
FordEscape,,3 688 €,,
MercuryMountaineer,,3 411 €,,
ChevroletBolt euvLTprix initial : 29 663,,29 848 €,,
ChevroletSilverado 1500V8 5.3LT,,44 048 €,,
FordF150V6 3.5XLT,,39 541 €,,
ChevroletMalibu2.42LT,,NC,,
AcuraRdx2.0TECH,,34 009 €,,
Mazda32.3TOURING,,NC,,
ChevroletSuburbanV8 5.3LT,,23 867 €,,
Toyota4runnerV6 4.0SR5,,34 988 €,,
BmwSerie 3330i xdriveprix initial : 32 720,,32 259 €,,
ChryslerPacificaLIMITED,,51 901 €, 02.11.2023 ETATS-UNISDétail,ESSENCE16 Km2023AUTOMATIQUE99515DEVIS ASSURANCEVENDEZ
ChryslerPacificaTOURING,,45 383 €,,
ChryslerPacificaTOURING,,46 443 €,,
ChryslerPacificaLIMITED,,51 445 €,,
LincolnMkzSELECTprix initial : 22 578,,21 666 €,,
KiaSoulLX,,14 750 €,,
ToyotaCamry2.5LIMITED EDITIONprix initial : 12 238,,11 984 €,,
ChevroletEquinox1.51LT,,24 431 €,,
KiaSoul2.0LX,,14 750 €,,
ChevroletSilverado 1500V8 5.3WORK TRUCK,,47 596 €,,
ChevroletSilverado 1500V8 5.3LTprix initial : 54 975,,53 362 €,,
ChevroletSilverado 1500V8 6.2LT,,64 048 €,,
ChevroletSilverado 1500CUSTOM,,47 379 €,,
ChevroletSilverado 2500V8 6.0LT,,NC,,
ChevroletBlazer2.02LTprix initial : 38 634,,37 712 €,,
ChevroletMalibu1.51LS,,22 945 €,,
ChevroletSilverado 2500V8 6.6LT,,62 144 €,,
ChevroletSilverado 2500V8 6.6LT,,70 114 €,,
ChevroletSilverado 1500V8 5.3LTZ,,60 388 €,,
ChevroletSilverado 1500CUSTOM,,53 109 €,,
ChevroletSilverado 1500LTZ,,60 757 €,,
HyundaiKona1.6LIMITEDprix initial : 23 961,,23 501 €,,
HyundaiPalisadeLIMITED,,39 635 €,,
ChryslerPacificaTOURINGprix initial : 45 382,,44 461 €,,
ChryslerPacificaTOURINGprix initial : 46 443,,45 521 €,,
ChryslerPacificaLIMITEDprix initial : 51 901,,50 979 €, 04.11.2023 ETATS-UNISDétail,ESSENCE16 Km2023AUTOMATIQUE99515DEVIS ASSURANCEVENDEZ
ChryslerPacificaTOURINGprix initial : 47 314,,46 393 €,,
ChryslerPacificaLIMITEDprix initial : 51 444,,50 523 €,,
KiaSportage1.6LX4X2prix initial : 27 655,,26 727 €,,
KiaCarnivalEXprix initial : 39 634,,38 713 €,,
ChevroletSilverado 1500Double cabV8 5.3LT,,18 439 €,,
FordF350Super cabLARIATprix initial : 59 926,,57 161 €,,
ChevroletImpalaV6 3.61LT,,21 102 €,,
ChevroletEquinox2.42LT,,NC,,
JaguarF-pace30t2.0PRESTIGEAWDprix initial : 29 041,,27 649 €,,
ChevroletSonic1.4LT,,NC,,
GmcSierra 2500V8 6.6SLT,,36 873 €,,
ChevroletTahoeV8 6.2prix initial : 72 755,,72 940 €,,
ChevroletSilverado 3500V8 6.6LT,,51 526 €,,
VolkswagenPassatV6 3.6SEL,,NC,,
ChevroletSilverado 1500CUSTOMprix initial : 45 853,,44 424 €,,
GmcTerrain1.5SLT,,32 165 €,,
GmcSierra 1500V8 5.3SLE,,27 555 €,,
GmcTerrain1.5SLT,,32 165 €,,
ChevroletSilverado 1500V8 5.3LT,,44 150 €,,
ChevroletSilverado 1500LTprix initial : 53 440,,50 398 €,,
ChevroletTahoeV8 5.3,,65 740 €,,
ChevroletTahoeV8 5.3LS,,55 999 €,,
ChevroletTahoeV8 6.2HIGH COUNTRYprix initial : 78 361,,78 546 €,,
ChevroletSilverado 2500V8 6.6LTZprix initial : 68 026,,68 210 €,,
MazdaCx-52.5TOURING,,NC, 08.11.2023 ETATS-UNISDétail,ESSENCE207 042 Km2016AUTOMATIQUE99515DEVIS ASSURANCEVENDEZ
ChryslerPacificaTOURING,,29 500 €,,
NissanSentra1.8SV,,13 818 €,,
ChevroletSilverado 1500V8 5.3WORK TRUCKprix initial : 48 194,,47 688 €,,
MiniMiniCooper1.5,,NC,,
ChevroletTraverseV6 3.6LSprix initial : 35 587,,34 850 €,,
ChevroletSilverado 1500V8 5.3LTprix initial : 58 400,,56 280 €,,
ChevroletSilverado 2500V8 6.6LTZprix initial : 69 450,,69 635 €,,
ChevroletSilverado 1500V8 6.2prix initial : 60 134,,58 014 €,,
ChevroletTraverseV6 3.6LTprix initial : 39 445,,38 708 €,,
FordF150V6 3.5XLT,,32 267 €,,
ChevroletColoradoZ71V6 3.6,,35 853 €,,
ChevroletTraverseV6 3.6LTprix initial : 41 192,,40 455 €,,
FordF150V8 5.0LARIAT,,25 814 €,,
ChevroletSilverado 1500V8 5.3prix initial : 57 100,,54 980 €,,
KenworthT170,,43 332 €,,
AcuraRdxTECH,,34 009 €,,
DodgeDurangoGT,,48 647 €,,
ToyotaCamry2.5LIMITED EDITION,,NC,,
AcuraTlV6 3.5,,13 317 €,,
ChevroletImpalaV6 3.6LT,,22 945 €,,
HondaCivicSI,,7 376 €,,
ChevroletTraverseV6 3.6LTprix initial : 41 649,,40 912 €,,
ChevroletTahoeV8 6.2HIGH COUNTRYprix initial : 78 370,,78 555 €,,
SubaruAscent2.4LIMITED,,NC,,
SubaruOutback2.5LIMITED,,27 555 €, 13.11.2023 ETATS-UNISDétail,ESSENCE49 135 Km2019AUTOMATIQUE99515DEVIS ASSURANCEVENDEZ
CadillacXt5V6 3.6PREMIUM LUXURY,,NC,,
KiaSorentoEX,,27 555 €,,
AcuraTl,,13 317 €,,
CadillacXt5V6 3.6LUXURY,,NC,,
FordExpeditionV6 3.5KING RANCH,,NC,,
MitsubishiOutlanderES SPORT,,12 898 €,,
DodgeDurango,,11 052 €,,
FreightlinerSprinterprix initial : 43 331,,38 722 €,,
ChevroletSilverado 1500V8 5.3LTZprix initial : 61 558,,61 052 €,,
GmcSierra 1500SLT,,24 789 €,,
ChevroletSilverado 1500V8 5.3LT,,NC,,
ChevroletMalibu2.51LT,,NC,,
ChevroletSilverado 3500V8 6.6HIGH COUNTRY,,83 294 €,,
DodgeDurangoV6 3.6,,9 215 €,,
ToyotaCamrySE,,9 208 €,,
SubaruOutbackLIMITED,,11 974 €,,
ToyotaCorollaLIMITED EDITION,,4 599 €,,
ChevroletSilverado 2500V8 6.6LTprix initial : 61 627,,61 812 €,,
LexusLx 470,,16 590 €,,
KiaForteLX,,13 820 €,,
AcuraTlxTECH,,21 204 €,,
AcuraTlx2.4TECH,,21 204 €,,
VolkswagenGolf sw1.8S,,NC,,
ChevroletSilverado 2500V8 6.6WORK TRUCK,,51 108 €,,
ChevroletSilverado 2500V8 6.6WORK TRUCK,,51 187 €, 18.11.2023 ETATS-UNISDétail,ESSENCE16 Km2024AUTOMATIQUE99515DEVIS ASSURANCEVENDEZ
SmartFortwo0.7sponsorisée,,NC,,
MitsubishiLancer2.0ES SPORT,,NC,,
VolvoS90T6INSCRIPTION,,24 789 €,,
VolkswagenTaosBLACK,,25 805 €,,
ChevroletSilverado 1500V8 5.3LT,,55 760 €,,
ChevroletSilverado 1500,,58 525 €,,
ChevroletSilverado 1500CUSTOM,,46 872 €,,
ChevroletSilverado 1500V8 6.2,,77 444 €,,
ChevroletSilverado 1500LTZ,,61 264 €,,
ToyotaCamrySE,,20 191 €,,
ChevroletSonicLT,,6 443 €,,
KiaSoulprix initial : 11 893,,11 617 €,,
ChevroletBlazerV6 3.6RS,,47 033 €,,
ChevroletSilverado 1500LT,,53 441 €,,
ChevroletSilverado 1500,,58 890 €,,
ChevroletSilverado 1500V8 5.3WORK TRUCK,,48 103 €,,
ChevroletEquinox1.5RS,,35 186 €,,
GmcSierra 1500V8 5.3SLE,,NC,,
MiniCountrymanCooper s1.6BASE,,NC,,
FordF150Super crewprix initial : 52 171,,50 696 €,,
JeepWranglerUnlimited,,37 789 €,,
FordF150Super crew,,47 008 €,,
FordF150Super cab,,3 227 €,,
ChevroletColorado,,25 804 €,,
Chrysler300c,,23 038 €,,
NissanMaximaprix initial : 24 881,,23 038 €,,
SmartFortwo0.7sponsorisée,,NC, 12.11.2023 PAYS-BASDétail,ESSENCE93 000 Km2003AUTOMATIQUE7693DEVIS ASSURANCEVENDEZ
HummerH2,,20 283 €,,
Ram trucksRam 1500,,33 179 €,,
ToyotaRav4,,27 647 €,,
LincolnAviatorprix initial : 52 540,,50 051 €,,
DodgeGrand caravan,,30 332 €,,
LincolnAviatorprix initial : 60 468,,58 072 €,,
FordExplorer,,40 555 €,,
HyundaiVeloster1.6,,5 486 €,,
FordExplorerPOLICE INTERCEPTOR,,16 595 €,,
SubaruOutbackprix initial : 35 771,,34 896 €,,
ChryslerPacifica,,NC,,
ToyotaSiennaLIMITED EDITIONprix initial : 4 425,,3 688 €,,
GmcSierra 1500V8 5.3SLE,,36 832 €,,
Ram trucksRam promaster city,,29 041 €,,
DodgeRam 2500,,16 549 €,,
ChryslerTown & country,,24 800 €,,
MitsubishiLancer evolution,,16 595 €,,
FordTransit connectVanXLT,,19 360 €,,
ChevroletImpala,,13 368 €,,
NissanRogue,,21 204 €,,
KiaSorentoLX,,10 141 €,,
FordFusion,,10 141 €,,
ToyotaHighlanderLIMITED EDITION,,44 714 €,,
ChevroletCamaroRsLT,,14 750 €,,
ChevroletEquinoxLT,,15 211 €, 08.11.2023 ETATS-UNISDétail,ESSENCE191 512 Km2019AUTOMATIQUE99513DEVIS ASSURANCEVENDEZ
ChryslerVoyager,,48 859 €,,
MercedesSprinter,,82 883 €,,
GmcYukonDenaliV8 6.2,,16 503 €,,
FordF150Super crewV8 5.4,,6 361 €,,
SubaruForester4X4,,4 333 €,,
CadillacEscalade esvV8 6.2,,29 041 €,,
Ram trucksRam 1500,,24 800 €,,
Ram trucksRam 1500V8 5.7,,24 432 €,,
SubaruForester4X4prix initial : 4 333,,4 057 €,,
DodgeRam 5500,,27 659 €,,
LexusNx 300h,,26 276 €,,
JeepGrand cherokee,,18 336 €,,
JeepRenegade,,21 470 €,,
JeepGladiatorV6 3.6,,44 150 €,,
Toyota4runner,,43 597 €,,
FordF150Super crew,,25 158 €,,
FordEcosport,,23 314 €,,
GmcSierra 1500Crew cab,,27 555 €,,
FordEdge,,35 023 €,,
FordF150Super crew,,33 732 €,,
NissanMurano,,33 179 €,,
FordBronco sportBig bend1.5SPORT,,31 335 €,,
FordMaverick,,33 179 €,,
FordExpedition,,79 277 €,,
FordF150Super crew,,54 384 €, 19.11.2023 ETATS-UNISDétail,ESSENCE5 536 Km2023AUTOMATIQUE99513DEVIS ASSURANCEVENDEZ
JeepWranglerUnlimited,,36 867 €,,
Ram trucksRam 1500,,37 789 €,,
FordRanger,,44 796 €,,
ChevroletSilverado 1500Crew cab,,34 101 €,,
LincolnNavigator,,60 838 €,,
FordExplorer,,39 633 €,,
Ram trucksRam 1500Crew cab,,37 420 €,,
FordF150Super crew,,47 930 €,,
ChevroletSilverado 1500Regular cab,,32 810 €,,
LincolnCorsair,,35 945 €,,
FordF150Super crew,,35 576 €,,
ChevroletSuburban,,54 937 €,,
GmcSierra 1500Crew cab,,59 916 €,,
GmcAcadia,,30 321 €,,
FordF250Crew cab,,63 603 €,,
FordF150Super crew,,38 342 €,,
FordRanger,,34 101 €,,
FordF150Super crew,,64 525 €,,
FordF150Super crew,,44 150 €,,
ChevroletSilverado 1500Regular cab,,31 335 €,,
FordRanger,,44 796 €,,
FordF150Super crew,,43 321 €,,
FordF150Super crew,,45 164 €,,
LincolnNavigatorprix initial : 39 639,,25 810 €,,
JeepGrand cherokeeV6 3.6LAREDOprix initial : 36 873,,32 725 €, 02.12.2021 ETATS-UNISDétail,ESSENCE34 413 Km2018AUTOMATIQUE99518DEVIS ASSURANCEVENDEZ
CitroenC4 cactus1.2FEELsponsoriséeprix initial : 9 990,,9 490 €,,
FordEscape2.0TITANIUMprix initial : 34 107,,29 498 €,,
KiaOptima2.4Sprix initial : 27 653,,23 044 €,,
FordF150V6 3.0KING RANCHprix initial : 51 624,,37 795 €,,
KiaSorento2.4LXprix initial : 30 424,,24 888 €,,
FordEcosport2.0SESprix initial : 28 575,,22 122 €,,
JeepGrand cherokeeV6 3.6LAREDOprix initial : 42 405,,36 873 €,,
HondaCr-v1.5EXprix initial : 30 419,,24 888 €,,
HondaCr-v1.5EXprix initial : 35 029,,29 498 €,,
KiaSportage2.4LX4X2prix initial : 33 185,,26 732 €,,
ChevroletEquinox1.52LTprix initial : 32 263,,25 810 €,,
NissanRogue2.5SVprix initial : 29 497,,24 888 €,,
KiaSorento2.4LXprix initial : 33 185,,24 888 €,,
DodgeChallengerRtV8 5.7PLUSprix initial : 34 112,,26 732 €,,
GmcAcadiaV6 3.6SLTprix initial : 36 873,,29 498 €,,
FordF150V6 2.7XLTprix initial : 44 248,,35 951 €,,
DodgeDurangoV6 3.6prix initial : 39 639,,33 186 €,,
FordFusion2.0TITANIUMprix initial : 27 653,,21 200 €,,
ChevroletTraverseV6 3.6LTprix initial : 41 483,,35 951 €,,
DodgeDurangoV6 3.6GTprix initial : 42 405,,34 108 €,,
GmcSierra 1500V8 5.3SLTprix initial : 59 000,,51 625 €,,
FordF250V8 6.2XLprix initial : 42 405,,35 029 €,,
ChevroletSilverado 2500V8 6.6WORK TRUCKprix initial : 42 405,,36 873 €,,
ChevroletSilverado 2500V8 6.0WORK TRUCKprix initial : 33 185,,22 122 €,,
Ram trucksRam 3500V8 6.7LARAMIEprix initial : 55 312,,45 171 €,,
Ram trucksRam 1500V8 5.7SLTprix initial : 36 873,,31 342 €,,
CitroenC4 cactus1.2FEELsponsoriséeprix initial : 9 990,,9 490 €, 02.11.2023 FRANCEDétail,ESSENCE150 500 Km2016MANUELLE44430DEVIS ASSURANCEVENDEZ
JeepCherokee2.4LATITUDEprix initial : 31 341,,25 810 €,,
GmcYukonV8 5.3SLTprix initial : 42 405,,35 029 €,,
FordE350V8 5.4XLprix initial : 27 653,,23 966 €,,
Ram trucksRam 1500V6 3.0LARAMIEprix initial : 39 639,,36 873 €,,
Toyota4runnerV6 4.0LIMITED EDITIONprix initial : 37 795,,34 108 €,,
KiaSportage2.4LX4X4prix initial : 23 044,,21 200 €,,
GmcAcadiaV6 3.6prix initial : 36 873,,34 108 €,,
BmwX1Xdrive 28i2.0prix initial : 32 263,,29 498 €,,
Ram trucksRam 1500V8 5.7BIG HORNprix initial : 49 780,,45 171 €,,
HondaCr-v1.5EXprix initial : 39 639,,34 108 €,,
InfinitiQx60V6 3.5BASEprix initial : 30 419,,24 888 €,,
KiaSoul1.6BASEprix initial : 11 058,,8 293 €,,
GmcSierra 3500hdDenaliprix initial : 50 702,,48 859 €,,
BuickEncorePREMIUMprix initial : 22 122,,20 278 €,,
HyundaiSanta fePREMIUMprix initial : 31 161,,24 893 €,,
HyundaiSanta feSELprix initial : 31 161,,24 893 €,,
NissanSentra1.8SVprix initial : 16 590,,13 825 €,,
KiaRio1.6LXprix initial : 22 122,,17 512 €,,
MercedesClasse cC 3002.04MATICprix initial : 27 653,,23 966 €,,
VolkswagenJetta1.4Sprix initial : 22 122,,17 512 €,,
ChevroletExpress2500V8 6.6prix initial : 45 170,,40 561 €,,
GmcSierra 1500V8 5.3SLTprix initial : 46 092,,36 873 €,,
Ram trucksRam 1500V8 5.7SLTprix initial : 40 561,,33 186 €,,
Ram trucksRam promaster city2.4SLTprix initial : 27 653,,22 122 €,,
ChevroletExpress2500V6 4.3prix initial : 42 409,,41 483 €, 14.05.2023 ETATS-UNISDétail,ESSENCE45 717 Km2021AUTOMATIQUE99518DEVIS ASSURANCEVENDEZ
HondaCr-v1.5EXprix initial : 30 419,,27 654 €,,
ChevroletSilverado 1500V8 6.2prix initial : 72 822,,61 760 €,,
ChevroletSilverado 2500Crew cabV8 6.6WORK TRUCKprix initial : 33 185,,26 732 €,,
CadillacXt5V6 3.6PREMIUM LUXURYprix initial : 52 540,,44 243 €,,
GmcSierra 3500V8 6.6prix initial : 80 198,,72 823 €,,
ToyotaCamry2.5SEprix initial : 29 491,,23 038 €,,
HyundaiElantraSELprix initial : 27 002,,25 532 €,,
CadillacCt6V6 3.6PREMIUM LUXURYprix initial : 36 873,,30 420 €,,
ChevroletSilverado 1500V8 5.3LTprix initial : 51 624,,47 015 €,,
VolvoXc602.0INSCRIPTIONprix initial : 53 468,,47 015 €,,
FordF150V6 2.7XLTprix initial : 34 107,,30 420 €,,
MazdaCx-30prix initial : 28 903,,24 893 €,,
FordF350V8 6.7PLATINUMprix initial : 73 744,,66 369 €,,
KiaSorento2.5LXprix initial : 26 275,,25 815 €,,
MiniMiniCooper1.6prix initial : 14 746,,11 520 €,,
ChevroletTahoeV8 5.3LTprix initial : 42 405,,35 951 €,,
NissanRogue2.5SVprix initial : 23 966,,20 278 €,,
JeepWranglerUnlimitedV6 3.6SAHARAprix initial : 29 318,,24 432 €,,
FordF250V8 6.7LIMITEDprix initial : 90 346,,82 971 €,,
JeepWranglerUnlimited2.0SAHARAprix initial : 41 476,,35 023 €,,
HyundaiTucson1.6SELprix initial : 38 323,,35 101 €,,
HyundaiTucson1.6LIMITEDprix initial : 42 762,,39 541 €,,
KiaSorento1.6LX,,25 815 €,,
JeepGladiatorV6 3.6OVERLANDprix initial : 48 852,,45 164 €,,
ChevroletSuburbanV8 5.3LSprix initial : 58 071,,50 696 €, 29.06.2023 ETATS-UNISDétail,ESSENCE40 552 Km2021AUTOMATIQUE99518DEVIS ASSURANCEVENDEZ
